2020綜合排名,2020排名,2019排名,公司名稱,公司住址,公司E-mail,公司負責人,公司負責人E-amil,"公司(高階主管, ex.總經理)",高階主管E-amil,MIS主管,MIS主管E-amil,MIS員工,MIS員工E-amil,IT系統名稱,AI應用工具, 備註:(其他)
1,1,1,鴻海精密工業,,,,,,,,,,,,,
2,2,2,和碩聯合科技,,,,,,,,,,,,,
3,3,3,台灣積體電路製造,,,,,,,,,,,,,
4,4,4,廣達電腦,,,,,,,,,,,,,
5,5,6,仁寶電腦工業,,,,,,,,,,,,,
6,1,1,國泰人壽保險,,,,,,,,,,,,,
7,6,7,緯創資通,,,,,,,,,,,,,
8,2,2,富邦人壽保險,,,,,,,,,,,,,
9,7,5,台灣中油,,,,,,,,,,,,,
10,1,2,大聯大投資控股,,,,,,,,,,,,,
11,2,1,台灣電力,,,,,,,,,,,,,
12,3,3,南山人壽保險,,,,,,,,,,,,,
13,8,9,英業達,,,,,,,,,,,,,
14,9,11,日月光投資控股,,,,,,,,,,,,,
15,10,10,統一企業,,,,,,,,,,,,,
16,11,8,台塑石化,,,,,,,,,,,,,
17,4,4,新光人壽保險,,,,,,,,,,,,,
18,3,3,華碩電腦,,,,,,,,,,,,,
19,4,5,文曄科技,,,,,,,,,,,,,
20,5,4,聯強國際,,,,,,,,,,,,,
21,5,5,中國人壽保險,,,,,,,,,,,,,
22,12,21,聯發科技,,,,,,,,,,,,,
23,6,6,世平興業,,,,,,,,,,,,,
24,13,12,中國鋼鐵,,,,,,,,,,,,,
25,6,7,中華郵政,,,,,,,,,,,,,
26,14,18,康師傅控股,,,,,,,,,,,,,
27,7,6,台灣人壽保險,,,,,,,,,,,,,
28,15,17,台達電子工業,,,,,,,,,,,,,
29,7,8,宏碁,,,,,,,,,,,,,
30,16,15,南亞塑膠工業,,,,,,,,,,,,,
31,17,16,友達光電,,,,,,,,,,,,,
32,18,19,群創光電,,,,,,,,,,,,,
33,8,7,統一超商,,,,,,,,,,,,,
34,19,13,台灣化學纖維,,,,,,,,,,,,,
35,20,14,寶成工業,,,,,,,,,,,,,
36,9,10,和泰汽車,,,,,,,,,,,,,
37,10,9,三商投資控股,,,,,,,,,,,,,
38,11,11,中華電信,,,,,,,,,,,,,
39,12,12,長榮海運,,,,,,,,,,,,,
40,21,20,遠東新世紀,,,,,,,,,,,,,
41,22,25,環電,,,,,,,,,,,,,
42,23,24,佳世達科技,,,,,,,,,,,,,
43,24,27,緯穎科技服務,,,,,,,,,,,,,
44,25,22,台灣塑膠工業,,,,,,,,,,,,,
45,26,26,日月光半導體製造,,,,,,,,,,,,,
46,27,28,聯華電子,,,,,,,,,,,,,
47,8,8,三商美邦人壽保險,,,,,,,,,,,,,
48,28,23,光寶科技,,,,,,,,,,,,,
49,13,15,陽明海運,,,,,,,,,,,,,
50,29,34,微星科技,,,,,,,,,,,,,
51,14,16,全聯實業,,,,,,,,,,,,,
52,15,18,至上電子,,,,,,,,,,,,,
53,9,9,全球人壽保險,,,,,,,,,,,,,
54,16,17,台灣大哥大,,,,,,,,,,,,,
55,30,35,臻鼎科技控股,,,,,,,,,,,,,
56,31,29,金寶電子工業,,,,,,,,,,,,,
57,32,36,GIS HOLDING,,,,,,,,,,,,,
58,10,10,中國信託商業銀行,,,,,,,,,,,,,
59,33,31,奇美實業,,,,,,,,,,,,,
60,17,14,中華航空,,,,,,,,,,,,,
61,34,30,TPK HOLDING,,,,,,,,,,,,,
62,35,33,台灣水泥,,,,,,,,,,,,,
63,36,32,華新麗華,,,,,,,,,,,,,
64,18,19,益登科技,,,,,,,,,,,,,
65,37,40,鴻準精密工業,,,,,,,,,,,,,
66,38,46,矽品精密工業,,,,,,,,,,,,,
67,39,38,長春人造樹脂廠,,,,,,,,,,,,,
68,40,39,長春石油化學,,,,,,,,,,,,,
69,41,37,正新橡膠工業,,,,,,,,,,,,,
70,11,11,遠雄人壽保險事業,,,,,,,,,,,,,
71,42,41,泰金寶科技,,,,,,,,,,,,,
72,43,43,群光電子,,,,,,,,,,,,,
73,19,25,友尚,,,,,,,,,,,,,
74,44,42,正崴精密工業,,,,,,,,,,,,,
75,20,13,長榮航空,,,,,,,,,,,,,
76,45,49,欣興電子,,,,,,,,,,,,,
77,46,56,新普科技,,,,,,,,,,,,,
78,21,21,全家便利商店,,,,,,,,,,,,,
79,47,65,技嘉科技,,,,,,,,,,,,,
80,48,50,樺漢科技,,,,,,,,,,,,,
81,49,47,裕隆汽車製造,,,,,,,,,,,,,
82,50,44,可成科技,,,,,,,,,,,,,
83,22,22,萬海航運,,,,,,,,,,,,,
84,51,53,大成長城企業,,,,,,,,,,,,,
85,52,60,聯詠科技,,,,,,,,,,,,,
86,23,20,遠傳電信,,,,,,,,,,,,,
87,53,45,亞洲水泥,,,,,,,,,,,,,
88,54,67,瑞昱半導體,,,,,,,,,,,,,
89,55,48,中龍鋼鐵,,,,,,,,,,,,,
90,12,13,國泰世華商業銀行,,,,,,,,,,,,,
91,56,57,力成科技,,,,,,,,,,,,,
92,24,24,品佳,,,,,,,,,,,,,
93,57,109,鎧勝控股,,,,,,,,,,,,,
94,13,14,台北富邦商業銀行,,,,,,,,,,,,,
95,25,23,家福,,,,,,,,,,,,,
96,26,26,詮鼎科技,,,,,,,,,,,,,
97,58,54,永豐餘投資控股,,,,,,,,,,,,,
98,27,28,神州數碼控股,,,,,,,,,,,,,
99,59,61,巨大機械工業,,,,,,,,,,,,,
100,28,27,長庚醫療財團法人,,,,,,,,,,,,,
101,60,55,豐泰企業,,,,,,,,,,,,,
102,61,59,國瑞汽車,,,,,,,,,,,,,
103,62,51,致伸科技,,,,,,,,,,,,,
104,14,16,玉山商業銀行,,,,,,,,,,,,,
105,63,89,國巨,,,,,,,,,,,,,
106,29,32,富邦媒體科技,,,,,,,,,,,,,
107,15,12,兆豐國際商業銀行,,,,,,,,,,,,,
108,16,18,合作金庫商業銀行,,,,,,,,,,,,,
109,64,63,啟碁科技,,,,,,,,,,,,,
110,65,58,中美矽晶製品,,,,,,,,,,,,,
111,66,77,南亞科技,,,,,,,,,,,,,
112,67,64,台灣菸酒,,,,,,,,,,,,,
113,17,15,台灣銀行,,,,,,,,,,,,,
114,68,78,華邦電子,,,,,,,,,,,,,
115,69,71,華通電腦,,,,,,,,,,,,,
116,18,17,第一商業銀行,,,,,,,,,,,,,
117,19,23,元大人壽保險,,,,,,,,,,,,,
118,30,29,中租控股,,,,,,,,,,,,,
119,70,52,大成不銹鋼工業,,,,,,,,,,,,,
120,31,31,華立企業,,,,,,,,,,,,,
121,32,34,威健實業,,,,,,,,,,,,,
122,20,19,安聯人壽保險,,,,,,,,,,,,,
123,71,72,瑞儀光電,,,,,,,,,,,,,
124,72,66,大立光電,,,,,,,,,,,,,
125,33,30,中鼎工程,,,,,,,,,,,,,
126,73,75,健鼎科技,,,,,,,,,,,,,
127,74,68,燁輝企業,,,,,,,,,,,,,
128,75,69,環球晶圓,,,,,,,,,,,,,
129,21,20,台銀人壽保險,,,,,,,,,,,,,
130,76,74,智邦科技,,,,,,,,,,,,,
131,22,21,上海商業儲蓄銀行,,,,,,,,,,,,,
132,77,62,聯成化學科技,,,,,,,,,,,,,
133,23,31,元大證券,,,,,,,,,,,,,
134,78,76,研華,,,,,,,,,,,,,
135,79,73,台灣聚合化學品,,,,,,,,,,,,,
136,24,22,華南商業銀行,,,,,,,,,,,,,
137,25,25,台新國際商業銀行,,,,,,,,,,,,,
138,80,70,大連化學工業,,,,,,,,,,,,,
139,26,27,保誠人壽保險,,,,,,,,,,,,,
140,81,84,群聯電子,,,,,,,,,,,,,
141,82,80,東元電機,,,,,,,,,,,,,
142,83,87,瀚宇博德,,,,,,,,,,,,,
143,84,99,力晶積成電子製造,,,,,,,,,,,,,
144,34,37,趨勢科技,,,,,,,,,,,,,
145,27,24,台灣土地銀行,,,,,,,,,,,,,
146,85,82,李長榮化學工業,,,,,,,,,,,,,
147,86,86,台灣國際航電,,,,,,,,,,,,,
148,35,40,網路家庭國際資訊,,,,,,,,,,,,,
149,28,30,富邦產物保險,,,,,,,,,,,,,
150,87,83,東和鋼鐵企業,,,,,,,,,,,,,
151,88,79,中強光電,,,,,,,,,,,,,
152,36,46,汎德,,,,,,,,,,,,,
153,37,42,全台物流,,,,,,,,,,,,,
154,89,103,台灣松下電器,,,,,,,,,,,,,
155,38,39,全科科技,,,,,,,,,,,,,
156,90,88,台灣玻璃工業,,,,,,,,,,,,,
157,39,38,太平洋崇光百貨,,,,,,,,,,,,,
158,40,43,特力,,,,,,,,,,,,,
159,91,81,榮成紙業,,,,,,,,,,,,,
160,92,94,台灣表面黏著科技,,,,,,,,,,,,,
161,93,100,神達投資控股,,,,,,,,,,,,,
162,94,107,三陽工業,,,,,,,,,,,,,
163,41,41,國立台灣大學醫學院附設醫院,,,,,,,,,,,,,
164,29,29,永豐商業銀行,,,,,,,,,,,,,
165,95,91,正隆,,,,,,,,,,,,,
166,96,104,旺宏電子,,,,,,,,,,,,,
167,97,96,奇鋐科技,,,,,,,,,,,,,
168,42,49,汎德永業汽車,,,,,,,,,,,,,
169,43,35,台灣高速鐵路,,,,,,,,,,,,,
170,98,116,南亞電路板,,,,,,,,,,,,,
171,99,92,長興材料工業,,,,,,,,,,,,,
172,30,28,彰化商業銀行,,,,,,,,,,,,,
173,100,85,燁聯鋼鐵,,,,,,,,,,,,,
174,44,47,國都汽車,,,,,,,,,,,,,
175,45,44,遠東百貨,,,,,,,,,,,,,
176,46,33,台灣東芝電子零組件,,,,,,,,,,,,,
177,101,106,巨騰國際控股,,,,,,,,,,,,,
178,102,90,中鴻鋼鐵,,,,,,,,,,,,,
179,47,48,松下產業科技,,,,,,,,,,,,,
180,48,54,崇越科技,,,,,,,,,,,,,
181,103,113,中磊電子,,,,,,,,,,,,,
182,49,45,匯豐汽車,,,,,,,,,,,,,
183,50,69,漢唐集成,,,,,,,,,,,,,
184,104,118,華新科技,,,,,,,,,,,,,
185,105,105,群光電能科技,,,,,,,,,,,,,
186,51,50,中部汽車,,,,,,,,,,,,,
187,106,114,佳格食品,,,,,,,,,,,,,
188,107,97,美律實業,,,,,,,,,,,,,
189,52,60,增你強,,,,,,,,,,,,,
190,108,108,智易科技,,,,,,,,,,,,,
191,109,123,世界先進積體電路,,,,,,,,,,,,,
192,110,132,神雲科技,,,,,,,,,,,,,
193,111,138,威剛科技,,,,,,,,,,,,,
194,112,214,明泰科技,,,,,,,,,,,,,
195,113,93,新光合成纖維,,,,,,,,,,,,,
196,114,115,台灣本田,,,,,,,,,,,,,
197,53,419,台灣松下銷售,,,,,,,,,,,,,
198,115,102,大同,,,,,,,,,,,,,
199,54,55,台灣自來水,,,,,,,,,,,,,
200,116,112,中華汽車工業,,,,,,,,,,,,,
201,117,101,中國人造纖維,,,,,,,,,,,,,
202,31,32,台灣中小企業銀行,,,,,,,,,,,,,
203,32,34,宏泰人壽保險,,,,,,,,,,,,,
204,55,53,中華賓士汽車,,,,,,,,,,,,,
205,118,111,建大工業,,,,,,,,,,,,,
206,56,58,桃苗汽車,,,,,,,,,,,,,
207,119,110,統一實業,,,,,,,,,,,,,
208,120,135,台郡科技,,,,,,,,,,,,,
209,121,117,明緯企業,,,,,,,,,,,,,
210,57,51,裕隆日產汽車,,,,,,,,,,,,,
211,58,59,裕融企業,,,,,,,,,,,,,
212,59,63,中租迪和,,,,,,,,,,,,,
213,122,126,光陽工業,,,,,,,,,,,,,
214,123,140,京元電子,,,,,,,,,,,,,
215,124,95,福懋興業,,,,,,,,,,,,,
216,125,161,台灣村田,,,,,,,,,,,,,
217,126,141,喬山健康科技,,,,,,,,,,,,,
218,127,125,儒鴻企業,,,,,,,,,,,,,
219,128,131,神基科技,,,,,,,,,,,,,
220,60,117,冠德建設,,,,,,,,,,,,,
221,129,128,豐興鋼鐵,,,,,,,,,,,,,
222,130,142,台光電子材料,,,,,,,,,,,,,
223,131,151,景碩科技,,,,,,,,,,,,,
224,132,124,美利達工業,,,,,,,,,,,,,
225,61,57,神腦國際企業,,,,,,,,,,,,,
226,62,77,擎亞電子,,,,,,,,,,,,,
227,63,61,新光三越百貨,,,,,,,,,,,,,
228,64,84,遠雄建設事業,,,,,,,,,,,,,
229,65,76,豐藝電子,,,,,,,,,,,,,
230,133,154,光洋應用材料科技,,,,,,,,,,,,,
231,33,35,花旗(台灣)商業銀行,,,,,,,,,,,,,
232,34,36,元大商業銀行,,,,,,,,,,,,,
233,134,166,奇景光電,,,,,,,,,,,,,
234,135,122,精英電腦,,,,,,,,,,,,,
235,66,65,台北榮民總醫院,,,,,,,,,,,,,
236,67,64,台北醫學大學醫療體系,,,,,,,,,,,,,
237,35,33,英屬百慕達商安達人壽保險台灣分公司,,,,,,,,,,,,,
238,136,129,和桐化學,,,,,,,,,,,,,
239,137,134,士林電機廠,,,,,,,,,,,,,
240,68,67,麥寮汽電,,,,,,,,,,,,,
241,138,136,聯華氣體工業,,,,,,,,,,,,,
242,139,160,穩懋半導體,,,,,,,,,,,,,
243,140,133,台灣糖業,,,,,,,,,,,,,
244,141,145,聯茂電子,,,,,,,,,,,,,
245,142,203,台灣國際造船,,,,,,,,,,,,,
246,69,68,帆宣系統科技,,,,,,,,,,,,,
247,143,130,聚陽實業,,,,,,,,,,,,,
248,70,70,興富發建設,,,,,,,,,,,,,
249,144,144,億豐綜合工業,,,,,,,,,,,,,
250,36,45,凱基證券,,,,,,,,,,,,,
251,145,120,台橡,,,,,,,,,,,,,
252,71,71,台灣基督長老教會馬偕醫療財團法人馬偕紀念醫院,,,,,,,,,,,,,
253,72,62,交通部台灣鐵路管理局,,,,,,,,,,,,,
254,73,81,萊爾富國際,,,,,,,,,,,,,
255,74,80,精誠資訊,,,,,,,,,,,,,
256,75,86,東森得易購,,,,,,,,,,,,,
257,76,79,北都汽車,,,,,,,,,,,,,
258,146,177,金像電子,,,,,,,,,,,,,
259,37,37,保德信國際人壽保險,,,,,,,,,,,,,
260,147,171,南茂科技,,,,,,,,,,,,,
261,77,52,遠鼎投資,,,,,,,,,,,,,
262,78,100,中菲行國際物流,,,,,,,,,,,,,
263,148,127,亞旭電腦,,,,,,,,,,,,,
264,149,157,志超科技,,,,,,,,,,,,,
265,150,156,精成科技,,,,,,,,,,,,,
266,79,82,彰化基督教醫療財團法人,,,,,,,,,,,,,
267,151,146,貿聯控股,,,,,,,,,,,,,
268,152,139,住華科技,,,,,,,,,,,,,
269,153,175,達方電子,,,,,,,,,,,,,
270,154,170,頎邦科技,,,,,,,,,,,,,
271,155,143,合勤投資控股,,,,,,,,,,,,,
272,156,162,台灣卜蜂企業,,,,,,,,,,,,,
273,80,83,高都汽車,,,,,,,,,,,,,
274,38,38,台灣新光商業銀行,,,,,,,,,,,,,
275,157,165,台灣日立江森自控,,,,,,,,,,,,,
276,158,217,福特六和汽車,,,,,,,,,,,,,
277,159,184,信邦電子,,,,,,,,,,,,,
278,81,78,欣陸投資控股,,,,,,,,,,,,,
279,160,153,開曼英利工業,,,,,,,,,,,,,
280,161,164,億光電子工業,,,,,,,,,,,,,
281,82,93,精技電腦,,,,,,,,,,,,,
282,162,148,太平洋電線電纜,,,,,,,,,,,,,
283,163,173,上銀科技,,,,,,,,,,,,,
284,164,239,精元電腦,,,,,,,,,,,,,
285,165,121,漢翔航空工業,,,,,,,,,,,,,
286,166,168,康舒科技,,,,,,,,,,,,,
287,83,88,台灣港務,,,,,,,,,,,,,
288,39,39,國泰世紀產物保險,,,,,,,,,,,,,
289,167,284,新唐科技,,,,,,,,,,,,,
290,84,85,長榮國際,,,,,,,,,,,,,
291,168,137,廣宇科技,,,,,,,,,,,,,
292,169,155,藍天電腦,,,,,,,,,,,,,
293,85,95,南都汽車,,,,,,,,,,,,,
294,170,183,正文科技,,,,,,,,,,,,,
295,86,74,開曼美食達人,,,,,,,,,,,,,
296,171,206,瀚宇彩晶,,,,,,,,,,,,,
297,87,94,燦坤實業,,,,,,,,,,,,,
298,88,102,全國電子,,,,,,,,,,,,,
299,172,159,宏全國際,,,,,,,,,,,,,
300,172,186,順達科技,,,,,,,,,,,,,
301,174,174,瑞智精密,,,,,,,,,,,,,
302,175,200,春源鋼鐵工業,,,,,,,,,,,,,
303,176,211,亞德客國際集團,,,,,,,,,,,,,
304,89,103,潤泰創新國際,,,,,,,,,,,,,
305,177,176,國產建材實業,,,,,,,,,,,,,
306,90,97,台中榮民總醫院,,,,,,,,,,,,,
307,91,96,鑫聯大投資控股,,,,,,,,,,,,,
308,178,150,東聯化學,,,,,,,,,,,,,
309,40,43,聯邦商業銀行,,,,,,,,,,,,,
310,179,172,味全食品工業,,,,,,,,,,,,,
311,180,167,中華紙漿,,,,,,,,,,,,,
312,92,136,福運汽車,,,,,,,,,,,,,
313,93,90,裕益汽車,,,,,,,,,,,,,
314,181,204,台灣山葉機車工業,,,,,,,,,,,,,
315,94,75,全國加油站,,,,,,,,,,,,,
316,182,180,大亞電線電纜,,,,,,,,,,,,,
317,95,87,台北大眾捷運,,,,,,,,,,,,,
318,96,99,新竹物流,,,,,,,,,,,,,
319,183,189,台燿科技,,,,,,,,,,,,,
320,97,109,台灣太陽誘電,,,,,,,,,,,,,
321,98,108,互助營造,,,,,,,,,,,,,
322,184,236,華擎科技,,,,,,,,,,,,,
323,41,41,第一金人壽保險,,,,,,,,,,,,,
324,42,49,中央再保險,,,,,,,,,,,,,
325,185,147,台南紡織,,,,,,,,,,,,,
326,186,179,南僑投資控股,,,,,,,,,,,,,
327,187,119,中國石油化學工業開發,,,,,,,,,,,,,
328,99,112,寶雅國際,,,,,,,,,,,,,
329,188,194,興農,,,,,,,,,,,,,
330,189,192,大統益,,,,,,,,,,,,,
331,190,212,奇力新電子,,,,,,,,,,,,,
332,191,158,東陽實業廠,,,,,,,,,,,,,
333,192,221,嘉澤端子工業,,,,,,,,,,,,,
334,100,123,展碁國際,,,,,,,,,,,,,
335,193,152,國際中橡投資控股,,,,,,,,,,,,,
336,194,198,如興,,,,,,,,,,,,,
337,101,110,奇美醫療財團法人,,,,,,,,,,,,,
338,195,196,成霖企業,,,,,,,,,,,,,
339,196,219,瑞軒科技,,,,,,,,,,,,,
340,102,106,和運租車,,,,,,,,,,,,,
341,197,169,國喬石油化學,,,,,,,,,,,,,
342,43,50,新光產物保險,,,,,,,,,,,,,
343,103,115,長華電材,,,,,,,,,,,,,
344,44,40,渣打國際商業銀行,,,,,,,,,,,,,
345,104,116,長源汽車,,,,,,,,,,,,,
346,198,195,嘉聯益科技,,,,,,,,,,,,,
347,199,202,台朔重工,,,,,,,,,,,,,
348,105,98,山隆通運,,,,,,,,,,,,,
349,200,251,玉晶光電,,,,,,,,,,,,,
350,45,26,法商法國巴黎人壽保險台灣分公司,,,,,,,,,,,,,
351,201,182,亞洲光學,,,,,,,,,,,,,
352,46,47,遠東國際商業銀行,,,,,,,,,,,,,
353,47,46,凱基商業銀行,,,,,,,,,,,,,
354,202,193,南寶樹脂化學工廠,,,,,,,,,,,,,
355,203,229,致茂電子,,,,,,,,,,,,,
356,204,187,台達化學工業,,,,,,,,,,,,,
357,48,48,台中商業銀行,,,,,,,,,,,,,
358,106,113,台北市立聯合醫院,,,,,,,,,,,,,
359,205,244,中興電工機械,,,,,,,,,,,,,
360,206,234,元太科技工業,,,,,,,,,,,,,
361,207,232,永大機電工業,,,,,,,,,,,,,
362,208,185,敬鵬工業,,,,,,,,,,,,,
363,107,118,特力屋,,,,,,,,,,,,,
364,209,259,譜瑞科技,,,,,,,,,,,,,
365,210,255,晶豪科技,,,,,,,,,,,,,
366,108,111,王品餐飲,,,,,,,,,,,,,
367,211,258,新日興,,,,,,,,,,,,,
368,109,91,大成國際鋼鐵,,,,,,,,,,,,,
369,212,197,友訊科技,,,,,,,,,,,,,
370,110,124,和泰興業,,,,,,,,,,,,,
371,111,153,台驊國際投資控股,,,,,,,,,,,,,
372,112,155,達欣工程,,,,,,,,,,,,,
373,213,307,義隆電子,,,,,,,,,,,,,
374,214,227,明基材料,,,,,,,,,,,,,
375,49,59,台灣證券交易所,,,,,,,,,,,,,
376,215,224,禾伸堂企業,,,,,,,,,,,,,
377,216,265,宣德科技,,,,,,,,,,,,,
378,217,226,全漢企業,,,,,,,,,,,,,
379,218,252,超豐電子,,,,,,,,,,,,,
380,113,139,和潤企業,,,,,,,,,,,,,
381,219,218,台灣百和工業,,,,,,,,,,,,,
382,220,210,晶元光電,,,,,,,,,,,,,
383,114,146,潤弘精密工程事業,,,,,,,,,,,,,
384,221,188,堤維西交通工業,,,,,,,,,,,,,
385,222,228,瑞鼎科技,,,,,,,,,,,,,
386,223,243,南帝化學工業,,,,,,,,,,,,,
387,224,149,燿華電子,,,,,,,,,,,,,
388,225,213,達運精密工業,,,,,,,,,,,,,
389,115,505,國揚實業,,,,,,,,,,,,,
390,226,199,建錩實業,,,,,,,,,,,,,
391,116,92,尚立,,,,,,,,,,,,,
392,227,216,帝寶工業,,,,,,,,,,,,,
393,228,178,中鋼鋁業,,,,,,,,,,,,,
394,229,191,復盛應用科技,,,,,,,,,,,,,
395,230,-,裕鐵企業,,,,,,,,,,,,,
396,117,152,根基營造,,,,,,,,,,,,,
397,118,119,和平電力,,,,,,,,,,,,,
398,119,104,大陸工程,,,,,,,,,,,,,
399,120,130,聖暉工程科技,,,,,,,,,,,,,
400,121,147,國泰建設,,,,,,,,,,,,,
401,231,209,炎洲,,,,,,,,,,,,,
402,122,134,麗明營造,,,,,,,,,,,,,
403,123,107,亞翔工程,,,,,,,,,,,,,
404,50,42,?豐(台灣)商業銀行,,,,,,,,,,,,,
405,232,272,矽力杰,,,,,,,,,,,,,
406,233,190,華泰電子,,,,,,,,,,,,,
407,51,58,英屬百慕達商友邦人壽保險台灣分公司,,,,,,,,,,,,,
408,234,230,矽創電子,,,,,,,,,,,,,
409,235,318,敦泰電子,,,,,,,,,,,,,
410,236,220,華夏海灣塑膠,,,,,,,,,,,,,
411,124,125,中興保全科技,,,,,,,,,,,,,
412,125,129,弘憶國際,,,,,,,,,,,,,
413,237,237,旭隼科技,,,,,,,,,,,,,
414,126,105,台亞石油,,,,,,,,,,,,,
415,127,120,亞太電信,,,,,,,,,,,,,
416,238,273,創意電子,,,,,,,,,,,,,
417,239,225,力鵬企業,,,,,,,,,,,,,
418,240,-,志強國際企業,,,,,,,,,,,,,
419,128,135,聚碩科技,,,,,,,,,,,,,
420,129,114,中鋼運通,,,,,,,,,,,,,
421,130,132,中華工程,,,,,,,,,,,,,
422,131,239,鼎固控股,,,,,,,,,,,,,
423,241,201,中國鋼鐵結構,,,,,,,,,,,,,
424,132,-,國立成功大學醫學院附設醫院,,,,,,,,,,,,,
425,133,140,三商家購,,,,,,,,,,,,,
426,242,222,盟創科技,,,,,,,,,,,,,
427,243,231,勤美,,,,,,,,,,,,,
428,244,454,岱宇國際,,,,,,,,,,,,,
429,134,133,信義房屋,,,,,,,,,,,,,
430,135,131,高雄醫學大學附設中和紀念醫院,,,,,,,,,,,,,
431,136,122,震旦行,,,,,,,,,,,,,
432,137,126,台灣之星電信,,,,,,,,,,,,,
433,245,261,建準電機工業,,,,,,,,,,,,,
434,246,207,允強實業,,,,,,,,,,,,,
435,247,233,定穎電子,,,,,,,,,,,,,
436,248,181,聯合再生能源,,,,,,,,,,,,,
437,138,142,高雄榮民總醫院,,,,,,,,,,,,,
438,139,150,統一速達,,,,,,,,,,,,,
439,249,294,矽格,,,,,,,,,,,,,
440,140,143,嘉里大榮物流,,,,,,,,,,,,,
441,250,246,福壽實業,,,,,,,,,,,,,
442,251,163,台灣佳能,,,,,,,,,,,,,
443,252,271,台灣東應化,,,,,,,,,,,,,
444,253,289,雙鴻科技,,,,,,,,,,,,,
445,254,208,廣越企業,,,,,,,,,,,,,
446,254,247,永豐餘工業用紙,,,,,,,,,,,,,
447,256,315,加百裕工業,,,,,,,,,,,,,
448,257,260,明安國際企業,,,,,,,,,,,,,
449,141,167,九和汽車,,,,,,,,,,,,,
450,142,138,太子建設開發,,,,,,,,,,,,,
451,52,57,新安東京海上產物保險,,,,,,,,,,,,,
452,143,121,慧洋海運,,,,,,,,,,,,,
453,258,262,台塑勝高科技,,,,,,,,,,,,,
454,144,145,台灣豐田通商,,,,,,,,,,,,,
455,145,137,國泰醫療財團法人國泰綜合醫院,,,,,,,,,,,,,
456,259,282,泰鼎國際,,,,,,,,,,,,,
457,146,148,統一生活事業,,,,,,,,,,,,,
458,53,51,王道商業銀行,,,,,,,,,,,,,
459,54,53,日商瑞穗銀行,,,,,,,,,,,,,
460,55,-,中央存款保險,,,,,,,,,,,,,
461,147,154,夏暉物流,,,,,,,,,,,,,
462,260,235,創見資訊,,,,,,,,,,,,,
463,261,263,岳豐科技,,,,,,,,,,,,,
464,262,946,美德向邦醫療國際,,,,,,,,,,,,,
465,56,54,國際康健人壽保險,,,,,,,,,,,,,
466,263,358,力山工業,,,,,,,,,,,,,
467,57,52,星展(台灣)商業銀行,,,,,,,,,,,,,
468,264,240,鈺齊國際,,,,,,,,,,,,,
469,148,89,華固建設,,,,,,,,,,,,,
470,58,56,陽信商業銀行,,,,,,,,,,,,,
471,149,151,悠旅生活事業,,,,,,,,,,,,,
472,265,491,茂林光電科技(開曼),,,,,,,,,,,,,
473,59,62,永豐金證券,,,,,,,,,,,,,
474,266,340,台灣晶技,,,,,,,,,,,,,
475,60,65,富邦綜合證券,,,,,,,,,,,,,
476,267,249,應華精密科技,,,,,,,,,,,,,
477,268,317,天鈺科技,,,,,,,,,,,,,
478,269,245,唐榮鐵工廠,,,,,,,,,,,,,
479,270,242,復盛,,,,,,,,,,,,,
480,150,170,龍邦國際興業,,,,,,,,,,,,,
481,271,316,美時化學製藥,,,,,,,,,,,,,
482,272,-,長榮航太科技,,,,,,,,,,,,,
483,151,158,安麗日用品,,,,,,,,,,,,,
484,152,160,羅氏大藥廠,,,,,,,,,,,,,
485,153,127,中貿國際,,,,,,,,,,,,,
486,154,156,遠百企業,,,,,,,,,,,,,
487,273,254,彰源企業,,,,,,,,,,,,,
488,274,320,強茂,,,,,,,,,,,,,
489,275,309,廣明光電,,,,,,,,,,,,,
490,155,-,義大醫療財團法人,,,,,,,,,,,,,
491,156,164,遊戲橘子數位科技,,,,,,,,,,,,,
492,276,280,台灣半導體,,,,,,,,,,,,,
493,157,144,客思達,,,,,,,,,,,,,
494,277,300,華宏新技,,,,,,,,,,,,,
495,158,159,來來超商,,,,,,,,,,,,,
496,278,285,仲琦科技,,,,,,,,,,,,,
497,159,177,茂綸,,,,,,,,,,,,,
498,279,276,福懋油脂,,,,,,,,,,,,,
499,160,165,瑞助營造,,,,,,,,,,,,,
500,280,382,同欣電子工業,,,,,,,,,,,,,
501,61,60,京城商業銀行,,,,,,,,,,,,,
502,281,238,台灣肥料,,,,,,,,,,,,,
503,161,140,全虹企業,,,,,,,,,,,,,
504,282,425,永豐餘消費品實業,,,,,,,,,,,,,
505,283,-,台灣日?金屬,,,,,,,,,,,,,
506,162,162,格上汽車租賃,,,,,,,,,,,,,
507,62,61,明台產物保險,,,,,,,,,,,,,
508,284,306,中聯資源,,,,,,,,,,,,,
509,285,390,京鼎精密科技,,,,,,,,,,,,,
510,286,250,金門酒廠實業,,,,,,,,,,,,,
511,287,293,乙盛精密工業,,,,,,,,,,,,,
512,288,434,上緯國際投資控股,,,,,,,,,,,,,
513,289,337,新光鋼鐵,,,,,,,,,,,,,
514,163,172,零壹科技,,,,,,,,,,,,,
515,164,187,合迪,,,,,,,,,,,,,
516,290,356,漢鐘投資控股,,,,,,,,,,,,,
517,291,275,旗勝科技,,,,,,,,,,,,,
518,63,67,群益金鼎證券,,,,,,,,,,,,,
519,292,291,四零四科技,,,,,,,,,,,,,
520,293,308,福懋科技,,,,,,,,,,,,,
521,294,266,南港輪胎,,,,,,,,,,,,,
522,295,313,長華科技,,,,,,,,,,,,,
523,296,348,欣銓科技,,,,,,,,,,,,,
524,64,55,全國農業金庫,,,,,,,,,,,,,
525,297,335,信錦企業,,,,,,,,,,,,,
526,298,281,凌華科技,,,,,,,,,,,,,
527,299,369,海華科技,,,,,,,,,,,,,
528,65,70,統一綜合證券,,,,,,,,,,,,,
529,300,338,國碩科技工業,,,,,,,,,,,,,
530,301,343,聯華實業投資控股,,,,,,,,,,,,,
531,302,256,高雄晶傑達光電科技,,,,,,,,,,,,,
532,165,176,台灣三菱電機,,,,,,,,,,,,,
533,303,268,燦星網通,,,,,,,,,,,,,
534,304,223,誠美材料科技,,,,,,,,,,,,,
535,305,401,中環,,,,,,,,,,,,,
536,306,297,盛餘,,,,,,,,,,,,,
537,307,419,南六企業,,,,,,,,,,,,,
538,308,344,長榮鋼鐵,,,,,,,,,,,,,
539,166,203,台灣汽電共生,,,,,,,,,,,,,
540,309,384,慧榮科技,,,,,,,,,,,,,
541,167,182,漢神名店百貨,,,,,,,,,,,,,
542,66,63,日商三井住友銀行,,,,,,,,,,,,,
543,310,328,味丹企業,,,,,,,,,,,,,
544,311,274,飛宏科技,,,,,,,,,,,,,
545,168,174,日電貿,,,,,,,,,,,,,
546,312,368,偉訓科技,,,,,,,,,,,,,
547,313,342,龍燈環球農業科技,,,,,,,,,,,,,
548,314,292,艾美特(開曼)國際,,,,,,,,,,,,,
549,315,319,黑松,,,,,,,,,,,,,
550,169,166,長虹建設,,,,,,,,,,,,,
551,170,186,恆隆行貿易,,,,,,,,,,,,,
552,316,321,隆達電子,,,,,,,,,,,,,
553,316,326,開曼東明控股,,,,,,,,,,,,,
554,318,314,葡萄王生技,,,,,,,,,,,,,
555,319,310,碩天科技,,,,,,,,,,,,,
556,171,171,環球購物中心,,,,,,,,,,,,,
557,320,334,尼得科超眾科技,,,,,,,,,,,,,
558,172,188,遠雄營造,,,,,,,,,,,,,
559,173,283,新武,,,,,,,,,,,,,
560,321,331,台灣福興工業,,,,,,,,,,,,,
561,322,332,農生企業,,,,,,,,,,,,,
562,323,301,萬洲化學,,,,,,,,,,,,,
563,174,149,森霸電力,,,,,,,,,,,,,
564,324,279,東科控股,,,,,,,,,,,,,
565,175,237,齊裕營造,,,,,,,,,,,,,
566,325,241,盟立自動化,,,,,,,,,,,,,
567,176,169,中宇環保工程,,,,,,,,,,,,,
568,326,360,碩禾電子材料,,,,,,,,,,,,,
569,327,296,恒耀國際,,,,,,,,,,,,,
570,328,333,聯華食品工業,,,,,,,,,,,,,
571,329,205,台灣東電化,,,,,,,,,,,,,
572,330,290,台全電機,,,,,,,,,,,,,
573,331,286,協勝發鋼鐵廠,,,,,,,,,,,,,
574,332,376,台虹科技,,,,,,,,,,,,,
575,333,303,威致鋼鐵工業,,,,,,,,,,,,,
576,177,232,京城建設,,,,,,,,,,,,,
577,178,218,大樹醫藥,,,,,,,,,,,,,
578,334,287,台灣松下電腦,,,,,,,,,,,,,
579,179,196,台灣樂金電器,,,,,,,,,,,,,
580,335,406,南緯實業,,,,,,,,,,,,,
581,336,270,得力實業,,,,,,,,,,,,,
582,337,298,泰銘實業,,,,,,,,,,,,,
583,180,161,裕民航運,,,,,,,,,,,,,
584,180,200,建達國際,,,,,,,,,,,,,
585,338,277,光隆實業,,,,,,,,,,,,,
586,339,327,和益化學工業,,,,,,,,,,,,,
587,340,394,華城電機,,,,,,,,,,,,,
588,182,173,利晉工程,,,,,,,,,,,,,
589,341,299,台灣氯乙烯工業,,,,,,,,,,,,,
590,342,283,信昌化學工業,,,,,,,,,,,,,
591,183,-,星能,,,,,,,,,,,,,
592,343,324,順德工業,,,,,,,,,,,,,
593,344,288,三芳化學工業,,,,,,,,,,,,,
594,184,253,鈊象電子,,,,,,,,,,,,,
595,185,179,南陽實業,,,,,,,,,,,,,
596,345,215,中美和石油化學,,,,,,,,,,,,,
597,346,253,力麗企業,,,,,,,,,,,,,
598,347,349,泰山企業,,,,,,,,,,,,,
599,348,403,友通資訊,,,,,,,,,,,,,
600,349,357,競國實業,,,,,,,,,,,,,
601,67,66,旺旺友聯產物保險,,,,,,,,,,,,,
602,350,305,大江生醫,,,,,,,,,,,,,
603,68,72,和泰產物保險,,,,,,,,,,,,,
604,186,-,新桃電力,,,,,,,,,,,,,
605,351,359,永冠能源科技集團,,,,,,,,,,,,,
606,352,350,中國化學製藥,,,,,,,,,,,,,
607,353,443,原相科技,,,,,,,,,,,,,
608,354,248,台灣苯乙烯工業,,,,,,,,,,,,,
609,69,68,華南產物保險,,,,,,,,,,,,,
610,355,302,振樺電子,,,,,,,,,,,,,
611,356,345,永信國際投資控股,,,,,,,,,,,,,
612,357,404,聯亞科技,,,,,,,,,,,,,
613,358,389,宏致電子,,,,,,,,,,,,,
614,187,184,來來物流,,,,,,,,,,,,,
615,359,311,春雨工廠,,,,,,,,,,,,,
616,188,195,遠揚建設,,,,,,,,,,,,,
617,189,183,六和化工,,,,,,,,,,,,,
618,360,352,永記造漆工業,,,,,,,,,,,,,
619,361,341,東盟開發實業,,,,,,,,,,,,,
620,190,157,統一精工,,,,,,,,,,,,,
621,362,365,兆赫電子,,,,,,,,,,,,,
622,363,264,聚亨企業,,,,,,,,,,,,,
623,191,198,遠揚營造工程,,,,,,,,,,,,,
624,192,192,崇越電通,,,,,,,,,,,,,
625,193,175,中華全球食物,,,,,,,,,,,,,
626,194,-,新光醫療財團法人,,,,,,,,,,,,,
627,364,402,立隆電子工業,,,,,,,,,,,,,
628,70,64,安泰商業銀行,,,,,,,,,,,,,
629,365,269,東台精機,,,,,,,,,,,,,
630,195,332,麗寶建設,,,,,,,,,,,,,
631,366,378,勝一化工,,,,,,,,,,,,,
632,367,312,台灣永光化學工業,,,,,,,,,,,,,
633,368,352,神準科技,,,,,,,,,,,,,
634,369,380,連展投資控股,,,,,,,,,,,,,
635,370,374,漢泰鋼鐵廠,,,,,,,,,,,,,
636,196,191,葡眾企業,,,,,,,,,,,,,
637,371,408,榮輪科技,,,,,,,,,,,,,
638,372,257,集盛實業,,,,,,,,,,,,,
639,373,398,聲寶,,,,,,,,,,,,,
640,197,297,潤隆建設,,,,,,,,,,,,,
641,374,278,榮剛材料科技,,,,,,,,,,,,,
642,198,220,精誠軟體服務,,,,,,,,,,,,,
643,375,351,海光企業,,,,,,,,,,,,,
644,376,362,信大水泥,,,,,,,,,,,,,
645,377,493,僑威科技,,,,,,,,,,,,,
646,378,409,勤誠興業,,,,,,,,,,,,,
647,379,367,立端科技,,,,,,,,,,,,,
648,380,407,十銓科技,,,,,,,,,,,,,
649,199,180,順益汽車,,,,,,,,,,,,,
650,381,361,華榮電線電纜,,,,,,,,,,,,,
651,382,330,運錩鋼鐵,,,,,,,,,,,,,
652,383,370,合晶科技,,,,,,,,,,,,,
653,384,466,致新科技,,,,,,,,,,,,,
654,385,398,大眾全球投資控股,,,,,,,,,,,,,
655,386,322,宏遠興業,,,,,,,,,,,,,
656,387,346,GINKO INTERNATIONAL,,,,,,,,,,,,,
657,388,540,精材科技,,,,,,,,,,,,,
658,200,235,智冠科技,,,,,,,,,,,,,
659,389,375,嘉彰,,,,,,,,,,,,,
660,390,347,大華金屬工業,,,,,,,,,,,,,
661,391,439,橋椿金屬,,,,,,,,,,,,,
662,392,392,拓凱實業,,,,,,,,,,,,,
663,201,206,台灣新光保全,,,,,,,,,,,,,
664,393,400,中聯油脂,,,,,,,,,,,,,
665,202,291,工信工程,,,,,,,,,,,,,
666,394,509,智伸科技,,,,,,,,,,,,,
667,395,325,凌巨科技,,,,,,,,,,,,,
668,396,379,宇瞻科技,,,,,,,,,,,,,
669,396,386,宜鼎國際,,,,,,,,,,,,,
670,71,83,台灣集中保管結算所,,,,,,,,,,,,,
671,398,355,廣隆光電科技,,,,,,,,,,,,,
672,72,44,合作金庫人壽保險,,,,,,,,,,,,,
673,203,212,台塑汽車貨運,,,,,,,,,,,,,
674,399,391,同致電子企業,,,,,,,,,,,,,
675,400,573,世芯電子,,,,,,,,,,,,,
676,204,178,元禎企業,,,,,,,,,,,,,
677,401,323,永崴投資控股,,,,,,,,,,,,,
678,205,209,台北自來水事業處,,,,,,,,,,,,,
679,402,752,圓剛科技,,,,,,,,,,,,,
680,206,213,伊雲谷數位科技,,,,,,,,,,,,,
681,403,336,年興紡織,,,,,,,,,,,,,
682,207,258,萬泰國際物流,,,,,,,,,,,,,
683,404,628,祥碩科技,,,,,,,,,,,,,
684,208,193,長榮國際儲運,,,,,,,,,,,,,
685,405,450,伸興工業,,,,,,,,,,,,,
686,73,75,元富證券,,,,,,,,,,,,,
687,406,-,采鈺科技,,,,,,,,,,,,,
688,407,413,台中精機廠,,,,,,,,,,,,,
689,209,222,博客來數位科技,,,,,,,,,,,,,
690,408,412,樹森開發,,,,,,,,,,,,,
691,409,477,健策精密工業,,,,,,,,,,,,,
692,210,227,日勝生活科技,,,,,,,,,,,,,
693,211,226,建國工程,,,,,,,,,,,,,
694,410,393,新漢,,,,,,,,,,,,,
695,411,396,東培工業,,,,,,,,,,,,,
696,412,385,國興畜產,,,,,,,,,,,,,
697,212,210,車美仕,,,,,,,,,,,,,
698,413,423,亞源科技,,,,,,,,,,,,,
699,213,221,佳醫健康事業,,,,,,,,,,,,,
700,74,69,瑞士商瑞士銀行,,,,,,,,,,,,,
701,414,430,台灣櫻花,,,,,,,,,,,,,
702,214,202,高林實業,,,,,,,,,,,,,
703,415,405,良維科技,,,,,,,,,,,,,
704,416,395,中鋼機械,,,,,,,,,,,,,
705,417,-,合勤科技,,,,,,,,,,,,,
706,418,370,東鋼鋼結構,,,,,,,,,,,,,
707,419,366,錸德科技,,,,,,,,,,,,,
708,215,240,泛亞工程建設,,,,,,,,,,,,,
709,420,338,燁茂實業,,,,,,,,,,,,,
710,421,421,肯微科技,,,,,,,,,,,,,
711,422,416,百和興業(開曼),,,,,,,,,,,,,
712,216,56,雄獅旅行社,,,,,,,,,,,,,
713,217,230,衛生福利部桃園醫院,,,,,,,,,,,,,
714,423,472,威盛電子,,,,,,,,,,,,,
715,218,189,力麒建設,,,,,,,,,,,,,
716,219,350,皇翔建設,,,,,,,,,,,,,
717,220,185,益航,,,,,,,,,,,,,
718,221,201,來思達國際企業,,,,,,,,,,,,,
719,424,475,凌陽科技,,,,,,,,,,,,,
720,425,850,世紀鋼鐵結構,,,,,,,,,,,,,
721,222,242,皇昌營造,,,,,,,,,,,,,
722,223,194,敦吉科技,,,,,,,,,,,,,
723,426,446,台豐印刷電路工業,,,,,,,,,,,,,
724,224,181,欣雄天然氣,,,,,,,,,,,,,
725,427,478,訊舟科技,,,,,,,,,,,,,
726,428,-,AES HOLDING,,,,,,,,,,,,,
727,225,199,新亞建設開發,,,,,,,,,,,,,
728,429,397,環球橡膠,,,,,,,,,,,,,
729,430,428,台灣三菱電梯,,,,,,,,,,,,,
730,226,217,富基電通,,,,,,,,,,,,,
731,75,76,泰安產物保險,,,,,,,,,,,,,
732,227,231,紅馬集團,,,,,,,,,,,,,
733,431,387,神盾,,,,,,,,,,,,,
734,76,86,日盛證券,,,,,,,,,,,,,
735,432,462,聯鈞光電,,,,,,,,,,,,,
736,228,260,日翊文化行銷,,,,,,,,,,,,,
737,433,420,鎰勝工業,,,,,,,,,,,,,
738,434,383,廣華控股,,,,,,,,,,,,,
739,435,445,協祥機械工業,,,,,,,,,,,,,
740,436,494,桂盟國際,,,,,,,,,,,,,
741,437,447,晟銘電子科技,,,,,,,,,,,,,
742,438,510,富驊企業,,,,,,,,,,,,,
743,439,441,台灣保來得,,,,,,,,,,,,,
744,440,433,華晶科技,,,,,,,,,,,,,
745,229,-,台灣阿斯特捷利康,,,,,,,,,,,,,
746,441,427,味王,,,,,,,,,,,,,
747,442,497,金居開發,,,,,,,,,,,,,
748,443,459,禾聯碩,,,,,,,,,,,,,
749,444,467,慶豐富實業,,,,,,,,,,,,,
750,230,163,立榮航空,,,,,,,,,,,,,
751,445,329,中興紡織廠,,,,,,,,,,,,,
752,445,372,台南企業,,,,,,,,,,,,,
753,447,411,華東科技,,,,,,,,,,,,,
754,448,671,秀育企業,,,,,,,,,,,,,
755,449,470,威強電工業電腦,,,,,,,,,,,,,
756,231,229,巨路國際,,,,,,,,,,,,,
757,232,-,嘉惠電力,,,,,,,,,,,,,
758,233,252,杏一醫療用品,,,,,,,,,,,,,
759,450,474,旺矽科技,,,,,,,,,,,,,
760,451,457,興勤電子工業,,,,,,,,,,,,,
761,234,190,鄉林建設事業,,,,,,,,,,,,,
762,452,589,泰博科技,,,,,,,,,,,,,
763,453,436,研揚科技,,,,,,,,,,,,,
764,454,524,力致科技,,,,,,,,,,,,,
765,235,207,欣彰天然氣,,,,,,,,,,,,,
766,77,74,第一產物保險,,,,,,,,,,,,,
767,455,295,宏達國際電子,,,,,,,,,,,,,
768,456,455,連展科技,,,,,,,,,,,,,
769,457,429,大東樹脂化學,,,,,,,,,,,,,
770,458,444,福貞控股,,,,,,,,,,,,,
771,236,248,蜜望實企業,,,,,,,,,,,,,
772,459,432,強新工業,,,,,,,,,,,,,
773,237,234,凌群電腦,,,,,,,,,,,,,
774,460,440,金車,,,,,,,,,,,,,
775,461,304,聚亨企業集團(泰國)大眾,,,,,,,,,,,,,
776,462,482,漢磊先進投資控股,,,,,,,,,,,,,
777,78,91,國泰綜合證券,,,,,,,,,,,,,
778,79,80,兆豐票券金融,,,,,,,,,,,,,
779,238,274,大陸建設,,,,,,,,,,,,,
780,80,82,兆豐產物保險,,,,,,,,,,,,,
781,463,549,泰豐輪胎,,,,,,,,,,,,,
782,464,410,亞洲聚合,,,,,,,,,,,,,
783,465,453,鼎翰科技,,,,,,,,,,,,,
784,466,695,遠東金士頓科技,,,,,,,,,,,,,
785,239,211,中福營造,,,,,,,,,,,,,
786,467,-,和淞科技,,,,,,,,,,,,,
787,240,251,崑鼎投資控股,,,,,,,,,,,,,
788,81,77,板信商業銀行,,,,,,,,,,,,,
789,468,543,盛群半導體,,,,,,,,,,,,,
790,241,225,長江化學,,,,,,,,,,,,,
791,469,489,台灣寶理塑膠,,,,,,,,,,,,,
792,470,417,燁興企業,,,,,,,,,,,,,
793,470,483,光磊科技,,,,,,,,,,,,,
794,242,443,亞昕國際開發,,,,,,,,,,,,,
795,472,461,兆利科技工業,,,,,,,,,,,,,
796,473,415,晶睿通訊,,,,,,,,,,,,,
797,243,243,敦陽科技,,,,,,,,,,,,,
798,82,87,台灣期貨交易所,,,,,,,,,,,,,
799,474,435,毅嘉科技,,,,,,,,,,,,,
800,475,488,智原科技,,,,,,,,,,,,,
801,476,498,台灣三洋電機,,,,,,,,,,,,,
802,477,602,榮創能源科技,,,,,,,,,,,,,
803,478,507,聯德控股,,,,,,,,,,,,,
804,479,563,瑞祺電通,,,,,,,,,,,,,
805,480,533,菱生精密工業,,,,,,,,,,,,,
806,83,78,法商法國巴黎銀行,,,,,,,,,,,,,
807,481,452,巧新科技工業,,,,,,,,,,,,,
808,482,499,光群雷射科技,,,,,,,,,,,,,
809,483,511,環球水泥,,,,,,,,,,,,,
810,244,-,宏碁資訊服務,,,,,,,,,,,,,
811,245,219,晶華國際酒店,,,,,,,,,,,,,
812,84,71,日商三菱日聯銀行,,,,,,,,,,,,,
813,85,84,台灣產物保險,,,,,,,,,,,,,
814,484,553,大毅科技,,,,,,,,,,,,,
815,246,244,德昌營造,,,,,,,,,,,,,
816,485,548,茂達電子,,,,,,,,,,,,,
817,486,387,冠星集團控股,,,,,,,,,,,,,
818,487,442,友華生技醫藥,,,,,,,,,,,,,
819,247,-,永固集團,,,,,,,,,,,,,
820,488,707,松翰科技,,,,,,,,,,,,,
821,86,73,高雄銀行,,,,,,,,,,,,,
822,489,377,中鋼碳素化學,,,,,,,,,,,,,
823,490,468,振曜科技,,,,,,,,,,,,,
824,248,259,洋基工程,,,,,,,,,,,,,
825,491,791,立積電子,,,,,,,,,,,,,
826,249,246,安心食品服務,,,,,,,,,,,,,
827,250,257,台灣無印良品,,,,,,,,,,,,,
828,251,268,新美齊,,,,,,,,,,,,,
829,492,527,昇佳電子,,,,,,,,,,,,,
830,252,-,美商美安美台台灣分公司,,,,,,,,,,,,,
831,493,424,康普材料科技,,,,,,,,,,,,,
832,494,496,昇貿科技,,,,,,,,,,,,,
833,495,-,台灣普利司通,,,,,,,,,,,,,
834,496,585,錩泰工業,,,,,,,,,,,,,
835,497,702,申豐特用應材,,,,,,,,,,,,,
836,87,85,國際票券金融,,,,,,,,,,,,,
837,498,535,泰碩電子,,,,,,,,,,,,,
838,499,603,曜越科技,,,,,,,,,,,,,
839,500,363,中紡科技實業,,,,,,,,,,,,,
840,501,584,佳邦科技,,,,,,,,,,,,,
841,253,-,威聯通科技,,,,,,,,,,,,,
842,254,241,夆典科技開發,,,,,,,,,,,,,
843,502,449,和大工業,,,,,,,,,,,,,
844,503,570,信昌電子陶瓷,,,,,,,,,,,,,
845,504,438,程泰機械,,,,,,,,,,,,,
846,255,273,八方雲集國際,,,,,,,,,,,,,
847,505,476,永信藥品工業,,,,,,,,,,,,,
848,256,204,星元電力,,,,,,,,,,,,,
849,506,520,中國砂輪企業,,,,,,,,,,,,,
850,257,254,立大開發投資,,,,,,,,,,,,,
851,258,236,佳美貿易,,,,,,,,,,,,,
852,88,81,日盛國際商業銀行,,,,,,,,,,,,,
853,507,500,順捷,,,,,,,,,,,,,
854,508,526,亞力電機,,,,,,,,,,,,,
855,509,473,和成欣業,,,,,,,,,,,,,
856,509,517,東碩資訊,,,,,,,,,,,,,
857,259,250,緯創軟體,,,,,,,,,,,,,
858,511,512,英濟,,,,,,,,,,,,,
859,260,-,傑仕登,,,,,,,,,,,,,
860,261,266,達和航運,,,,,,,,,,,,,
861,512,600,康那香企業,,,,,,,,,,,,,
862,513,554,美亞鋼管廠,,,,,,,,,,,,,
863,514,418,三星科技,,,,,,,,,,,,,
864,515,448,崧貿實業,,,,,,,,,,,,,
865,516,-,弘諭鋼鐵,,,,,,,,,,,,,
866,262,255,上奇科技,,,,,,,,,,,,,
867,517,426,精華光學,,,,,,,,,,,,,
868,518,-,華夏聚合,,,,,,,,,,,,,
869,519,869,安普新,,,,,,,,,,,,,
870,520,537,湧德電子,,,,,,,,,,,,,
871,521,539,大洋塑膠工業,,,,,,,,,,,,,
872,263,299,安馳科技,,,,,,,,,,,,,
873,264,271,國泰洋酒,,,,,,,,,,,,,
874,522,568,德律科技,,,,,,,,,,,,,
875,265,269,彰京開發,,,,,,,,,,,,,
876,523,562,濱川企業,,,,,,,,,,,,,
877,266,284,統一數網,,,,,,,,,,,,,
878,267,358,中國信託資融,,,,,,,,,,,,,
879,268,288,台灣世曦工程顧問,,,,,,,,,,,,,
880,524,492,華豐橡膠工業,,,,,,,,,,,,,
881,525,528,佶優科技,,,,,,,,,,,,,
882,526,463,訊芯科技控股,,,,,,,,,,,,,
883,527,469,恒耀工業,,,,,,,,,,,,,
884,528,465,建漢科技,,,,,,,,,,,,,
885,529,479,騰輝電子國際集團,,,,,,,,,,,,,
886,269,256,華資粧業,,,,,,,,,,,,,
887,530,508,宏正自動科技,,,,,,,,,,,,,
888,531,638,聯陽半導體,,,,,,,,,,,,,
889,532,608,新至陞科技,,,,,,,,,,,,,
890,533,519,川湖科技,,,,,,,,,,,,,
891,534,486,大億交通工業製造,,,,,,,,,,,,,
892,89,90,兆豐證券,,,,,,,,,,,,,
893,270,215,GRAND OCEAN RETAIL GROUP,,,,,,,,,,,,,
894,535,518,萬泰科技,,,,,,,,,,,,,
895,536,505,楠梓電子,,,,,,,,,,,,,
896,537,513,鉅祥企業,,,,,,,,,,,,,
897,271,453,愛山林建設開發,,,,,,,,,,,,,
898,538,471,神達數位,,,,,,,,,,,,,
899,272,271,華亞汽電,,,,,,,,,,,,,
900,539,580,史丹利七和國際,,,,,,,,,,,,,
901,273,357,東森國際,,,,,,,,,,,,,
902,274,277,合富醫療控股,,,,,,,,,,,,,
903,275,247,國光電力,,,,,,,,,,,,,
904,276,-,三商餐飲,,,,,,,,,,,,,
905,277,224,星能電力,,,,,,,,,,,,,
906,540,437,安勤科技,,,,,,,,,,,,,
907,278,319,總太地產開發,,,,,,,,,,,,,
908,541,537,信東生技,,,,,,,,,,,,,
909,542,514,英瑞國際,,,,,,,,,,,,,
910,543,531,承啟科技,,,,,,,,,,,,,
911,544,663,台灣光罩,,,,,,,,,,,,,
912,279,245,全鋒汽車,,,,,,,,,,,,,
913,545,521,維熹科技,,,,,,,,,,,,,
914,546,495,開曼商豐祥控股,,,,,,,,,,,,,
915,546,523,台灣電綜,,,,,,,,,,,,,
916,548,582,崧騰企業,,,,,,,,,,,,,
917,280,-,富邦建設,,,,,,,,,,,,,
918,549,456,皇田工業,,,,,,,,,,,,,
919,281,214,聯鋼營造工程,,,,,,,,,,,,,
920,550,560,元晶太陽能科技,,,,,,,,,,,,,
921,282,197,櫻花建設,,,,,,,,,,,,,
922,551,556,愛之味,,,,,,,,,,,,,
923,283,270,瓦城泰統,,,,,,,,,,,,,
924,552,530,艾訊,,,,,,,,,,,,,
925,284,285,裕信汽車,,,,,,,,,,,,,
926,553,656,宏泰電工,,,,,,,,,,,,,
927,285,263,創業家兄弟,,,,,,,,,,,,,
928,286,276,台灣荏原精密,,,,,,,,,,,,,
929,554,643,麗臺科技,,,,,,,,,,,,,
930,287,249,誠品生活,,,,,,,,,,,,,
931,555,630,幸福水泥,,,,,,,,,,,,,
932,556,534,台灣良得電子,,,,,,,,,,,,,
933,288,285,台灣楓康超市,,,,,,,,,,,,,
934,289,295,醫療財團法人台灣血液基金會,,,,,,,,,,,,,
935,557,-,六和機械,,,,,,,,,,,,,
936,558,545,大訊科技,,,,,,,,,,,,,
937,290,282,山林水環境工程,,,,,,,,,,,,,
938,291,280,華電聯網,,,,,,,,,,,,,
939,559,688,西北臺慶科技,,,,,,,,,,,,,
940,560,547,凱美電機,,,,,,,,,,,,,
941,561,-,崑洲實業,,,,,,,,,,,,,
942,562,487,飛捷科技,,,,,,,,,,,,,
943,292,538,嘉威生活,,,,,,,,,,,,,
944,563,564,崴強科技,,,,,,,,,,,,,
945,90,-,美商摩根大通銀行台北分公司,,,,,,,,,,,,,
946,293,262,北基國際,,,,,,,,,,,,,
947,564,516,羅東鋼鐵廠,,,,,,,,,,,,,
948,565,579,崇友實業,,,,,,,,,,,,,
949,566,481,力達控股,,,,,,,,,,,,,
950,567,597,德麥食品,,,,,,,,,,,,,
951,568,620,廣穎電通,,,,,,,,,,,,,
952,569,559,界霖科技,,,,,,,,,,,,,
953,570,590,麗清科技,,,,,,,,,,,,,
954,571,669,旺詮,,,,,,,,,,,,,
955,294,361,台灣數位光訊科技,,,,,,,,,,,,,
956,572,501,金豐機器工業,,,,,,,,,,,,,
957,573,621,廣積科技,,,,,,,,,,,,,
958,574,504,開曼康而富控股,,,,,,,,,,,,,
959,574,611,生達化學製藥,,,,,,,,,,,,,
960,576,569,廣運機械工程,,,,,,,,,,,,,
961,577,551,達興材料,,,,,,,,,,,,,
962,295,237,台北金融大樓,,,,,,,,,,,,,
963,296,301,大同世界科技,,,,,,,,,,,,,
964,297,298,信鼎技術服務,,,,,,,,,,,,,
965,91,100,國票綜合證券,,,,,,,,,,,,,
966,578,431,上福全球科技,,,,,,,,,,,,,
967,579,634,東哥企業,,,,,,,,,,,,,
968,580,557,台灣東洋藥品工業,,,,,,,,,,,,,
969,298,323,中化裕民健康事業,,,,,,,,,,,,,
970,581,480,遠龍不銹鋼,,,,,,,,,,,,,
971,92,92,安聯證券投資信託,,,,,,,,,,,,,
972,582,682,中華精測科技,,,,,,,,,,,,,
973,583,779,力智電子,,,,,,,,,,,,,
974,584,638,一詮精密工業,,,,,,,,,,,,,
975,585,662,英屬維京群島商祥茂光電科技台灣分公司,,,,,,,,,,,,,
976,586,372,沅聖科技,,,,,,,,,,,,,
977,299,267,六角國際事業,,,,,,,,,,,,,
978,587,681,樺晟電子,,,,,,,,,,,,,
979,588,552,立德電子,,,,,,,,,,,,,
980,300,293,元隆汽車,,,,,,,,,,,,,
981,589,570,廣泰金屬工業,,,,,,,,,,,,,
982,301,-,盛弘醫藥,,,,,,,,,,,,,
983,302,304,捷盛運輸,,,,,,,,,,,,,
984,302,307,順發電腦,,,,,,,,,,,,,
985,590,561,志聖工業,,,,,,,,,,,,,
986,591,542,台灣資生堂,,,,,,,,,,,,,
987,592,925,圓展科技,,,,,,,,,,,,,
988,304,336,晉泰科技,,,,,,,,,,,,,
989,593,615,統一超食代,,,,,,,,,,,,,
990,594,-,恒大,,,,,,,,,,,,,
991,595,502,麗豐,,,,,,,,,,,,,
992,305,289,互盛,,,,,,,,,,,,,
993,596,618,嘉晶電子,,,,,,,,,,,,,
994,597,572,東?,,,,,,,,,,,,,
995,306,265,麗嬰房,,,,,,,,,,,,,
996,598,600,愛地雅工業,,,,,,,,,,,,,
997,93,98,摩根證券投資信託,,,,,,,,,,,,,
998,307,310,匯聯汽車,,,,,,,,,,,,,
999,599,624,亞泰影像科技,,,,,,,,,,,,,
1000,308,290,新興航運,,,,,,,,,,,,,
1001,309,321,台灣宅配通,,,,,,,,,,,,,
1002,600,687,晶碩光學,,,,,,,,,,,,,
1003,310,382,宏普建設,,,,,,,,,,,,,
1004,311,364,彥陽科技,,,,,,,,,,,,,
1005,601,591,松上電子,,,,,,,,,,,,,
1006,602,458,台揚科技,,,,,,,,,,,,,
1007,603,613,大田精密工業,,,,,,,,,,,,,
1008,604,-,偉全企業,,,,,,,,,,,,,
1009,605,525,揚明光學,,,,,,,,,,,,,
1010,606,594,環泰企業,,,,,,,,,,,,,
1011,312,303,亞洲航空,,,,,,,,,,,,,
1012,607,896,海韻電子工業,,,,,,,,,,,,,
1013,608,484,銘異科技,,,,,,,,,,,,,
1014,609,689,旭德科技,,,,,,,,,,,,,
1015,94,-,元大期貨,,,,,,,,,,,,,
1016,610,565,朋億,,,,,,,,,,,,,
1017,611,614,東隆五金工業,,,,,,,,,,,,,
1018,612,522,能率網通,,,,,,,,,,,,,
1019,313,324,美食家食材通路,,,,,,,,,,,,,
1020,314,-,宏華營造,,,,,,,,,,,,,
1021,613,646,同方友友控股,,,,,,,,,,,,,
1022,315,550,皇鼎建設開發,,,,,,,,,,,,,
1023,614,604,商億全球控股,,,,,,,,,,,,,
1024,615,578,國精化學,,,,,,,,,,,,,
1025,616,612,三福化工,,,,,,,,,,,,,
1026,617,460,東捷科技,,,,,,,,,,,,,
1027,618,645,環隆科技,,,,,,,,,,,,,
1028,619,693,信音企業,,,,,,,,,,,,,
1029,620,577,聯嘉光電,,,,,,,,,,,,,
1030,621,736,撼訊科技,,,,,,,,,,,,,
1031,622,-,台灣車樂美縫衣機,,,,,,,,,,,,,
1032,316,315,三商行,,,,,,,,,,,,,
1033,317,292,裕民汽車,,,,,,,,,,,,,
1034,623,581,富味鄉食品,,,,,,,,,,,,,
1035,624,607,順昶塑膠,,,,,,,,,,,,,
1036,624,667,捷敏,,,,,,,,,,,,,
1037,318,531,海悅國際開發,,,,,,,,,,,,,
1038,626,-,友佳國際控股,,,,,,,,,,,,,
1039,627,631,台灣金山電子工業,,,,,,,,,,,,,
1040,628,622,維力食品工業,,,,,,,,,,,,,
1041,95,88,南山產物保險,,,,,,,,,,,,,
1042,629,-,志一企業,,,,,,,,,,,,,
1043,630,422,威宏控股,,,,,,,,,,,,,
1044,631,595,全台晶像,,,,,,,,,,,,,
1045,632,651,虹堡科技,,,,,,,,,,,,,
1046,633,937,科嘉(開曼),,,,,,,,,,,,,
1047,319,341,依德,,,,,,,,,,,,,
1048,320,313,國統國際,,,,,,,,,,,,,
1049,321,330,統昶行銷,,,,,,,,,,,,,
1050,322,347,捷迅,,,,,,,,,,,,,
1051,323,378,蔚華科技,,,,,,,,,,,,,
1052,324,354,倍微科技,,,,,,,,,,,,,
1053,325,309,法?麗國際,,,,,,,,,,,,,
1054,634,649,璋釔鋼鐵廠,,,,,,,,,,,,,
1055,326,388,肯友,,,,,,,,,,,,,
1056,327,328,柏文健康事業,,,,,,,,,,,,,
1057,635,727,優盛醫學科技,,,,,,,,,,,,,
1058,636,490,茂迪,,,,,,,,,,,,,
1059,328,279,龍巖,,,,,,,,,,,,,
1060,329,325,鼎新電腦,,,,,,,,,,,,,
1061,637,625,胡連精密,,,,,,,,,,,,,
1062,330,329,饗賓餐旅事業,,,,,,,,,,,,,
1063,638,629,台一國際,,,,,,,,,,,,,
1064,639,464,展頌,,,,,,,,,,,,,
1065,640,697,信通交通器材,,,,,,,,,,,,,
1066,331,338,力禾科技,,,,,,,,,,,,,
1067,641,532,冠軍建材,,,,,,,,,,,,,
1068,642,576,達成聚化,,,,,,,,,,,,,
1069,96,89,三信商業銀行,,,,,,,,,,,,,
1070,643,703,華豫寧,,,,,,,,,,,,,
1071,644,503,協益電子,,,,,,,,,,,,,
1072,644,654,聯穎科技,,,,,,,,,,,,,
1073,646,627,聚和國際,,,,,,,,,,,,,
1074,646,666,鑽全實業,,,,,,,,,,,,,
1075,648,647,佳必琪國際,,,,,,,,,,,,,
1076,649,610,辛耘企業,,,,,,,,,,,,,
1077,332,308,統振,,,,,,,,,,,,,
1078,650,648,神達電腦,,,,,,,,,,,,,
1079,97,-,元大證券投資信託,,,,,,,,,,,,,
1080,651,637,鈺創科技,,,,,,,,,,,,,
1081,652,667,愛普科技,,,,,,,,,,,,,
1082,333,333,國眾電腦,,,,,,,,,,,,,
1083,333,387,維勝鋼鐵,,,,,,,,,,,,,
1084,653,769,台灣農畜產工業,,,,,,,,,,,,,
1085,335,294,大台北區瓦斯,,,,,,,,,,,,,
1086,654,903,宏捷科技,,,,,,,,,,,,,
1087,336,441,翰可國際,,,,,,,,,,,,,
1088,655,593,永進機械工業,,,,,,,,,,,,,
1089,337,320,所羅門,,,,,,,,,,,,,
1090,656,599,台灣陶氏化學,,,,,,,,,,,,,
1091,338,371,耕興,,,,,,,,,,,,,
1092,657,623,時碩工業,,,,,,,,,,,,,
1093,658,707,亞弘電科技,,,,,,,,,,,,,
1094,659,710,久元電子,,,,,,,,,,,,,
1095,659,782,綠河,,,,,,,,,,,,,
1096,339,302,台灣富士軟片資訊,,,,,,,,,,,,,
1097,661,609,官田鋼鐵,,,,,,,,,,,,,
1098,340,-,台灣恩益禧,,,,,,,,,,,,,
1099,662,635,全興工業,,,,,,,,,,,,,
1100,663,655,鮮活控股,,,,,,,,,,,,,
1101,664,677,中央印製廠,,,,,,,,,,,,,
1102,341,223,宏璟建設,,,,,,,,,,,,,
1103,665,583,均豪精密工業,,,,,,,,,,,,,
1104,342,316,漢來美食,,,,,,,,,,,,,
1105,666,673,建通精密工業,,,,,,,,,,,,,
1106,343,-,富貿企業,,,,,,,,,,,,,
1107,667,515,晨訊科技集團,,,,,,,,,,,,,
1108,668,414,佳能企業,,,,,,,,,,,,,
1109,669,734,大興電線電纜,,,,,,,,,,,,,
1110,344,345,杏昌生技,,,,,,,,,,,,,
1111,345,344,大買家,,,,,,,,,,,,,
1112,670,555,富喬工業,,,,,,,,,,,,,
1113,671,544,劍麟,,,,,,,,,,,,,
1114,672,535,華騰國際科技,,,,,,,,,,,,,
1115,346,287,隆大營建事業,,,,,,,,,,,,,
1116,673,643,永裕塑膠工業,,,,,,,,,,,,,
1117,674,586,菱光科技,,,,,,,,,,,,,
1118,675,749,迅得機械,,,,,,,,,,,,,
1119,676,686,志豐電子,,,,,,,,,,,,,
1120,677,742,利奇機械工業,,,,,,,,,,,,,
1121,678,657,健和興端子,,,,,,,,,,,,,
1122,679,364,事欣科技,,,,,,,,,,,,,
1123,680,672,宜聯鋼鐵,,,,,,,,,,,,,
1124,347,339,中興工程顧問,,,,,,,,,,,,,
1125,348,362,遠銀國際租賃,,,,,,,,,,,,,
1126,681,596,為升電裝工業,,,,,,,,,,,,,
1127,98,-,康和綜合證券,,,,,,,,,,,,,
1128,682,692,建順煉鋼,,,,,,,,,,,,,
1129,682,822,眾達科技,,,,,,,,,,,,,
1130,99,97,復華證券投資信託,,,,,,,,,,,,,
1131,349,372,大智通文化行銷,,,,,,,,,,,,,
1132,684,619,金益鼎企業,,,,,,,,,,,,,
1133,684,744,元山科技工業,,,,,,,,,,,,,
1134,686,701,川益科技,,,,,,,,,,,,,
1135,686,882,晶相光電,,,,,,,,,,,,,
1136,688,574,谷崧精密工業,,,,,,,,,,,,,
1137,350,386,俊鼎機械廠,,,,,,,,,,,,,
1138,351,-,理銘開發,,,,,,,,,,,,,
1139,689,904,連鋐科技,,,,,,,,,,,,,
1140,352,300,格威傳媒,,,,,,,,,,,,,
1141,690,587,新麥企業,,,,,,,,,,,,,
1142,691,728,潤泰精密材料,,,,,,,,,,,,,
1143,353,351,甲格資訊,,,,,,,,,,,,,
1144,692,677,友勁科技,,,,,,,,,,,,,
1145,693,690,中國端子電業,,,,,,,,,,,,,
1146,100,99,中華票券金融,,,,,,,,,,,,,
1147,354,485,亞通利大能源,,,,,,,,,,,,,
1148,355,-,厚生,,,,,,,,,,,,,
1149,694,605,嘉豐海洋國際,,,,,,,,,,,,,
1150,356,318,欣桃天然氣,,,,,,,,,,,,,
1151,695,733,柏承科技,,,,,,,,,,,,,
1152,695,775,新鋼工業,,,,,,,,,,,,,
1153,697,757,立敦科技,,,,,,,,,,,,,
1154,357,310,錢櫃企業,,,,,,,,,,,,,
1155,358,342,高吉貿易,,,,,,,,,,,,,
1156,359,322,傳奇網路遊戲,,,,,,,,,,,,,
1157,698,707,能元科技,,,,,,,,,,,,,
1158,699,541,基勝(開曼)控股,,,,,,,,,,,,,
1159,700,851,宏佳騰動力科技,,,,,,,,,,,,,
1160,360,492,昇陽建設企業,,,,,,,,,,,,,
1161,701,-,義芳化學工業,,,,,,,,,,,,,
1162,702,588,恩德科技,,,,,,,,,,,,,
1163,703,898,先進光電科技,,,,,,,,,,,,,
1164,361,552,富旺國際開發,,,,,,,,,,,,,
1165,362,305,好德科技,,,,,,,,,,,,,
1166,704,787,晶焱科技,,,,,,,,,,,,,
1167,705,633,裕挺工業,,,,,,,,,,,,,
1168,363,360,捷盟行銷,,,,,,,,,,,,,
1169,706,718,大山電線電纜,,,,,,,,,,,,,
1170,707,710,德淵企業,,,,,,,,,,,,,
1171,708,632,惠特科技,,,,,,,,,,,,,
1172,709,653,東隆興業,,,,,,,,,,,,,
1173,710,640,天聲工業,,,,,,,,,,,,,
1174,711,720,瀚荃,,,,,,,,,,,,,
1175,364,317,中國航運,,,,,,,,,,,,,
1176,712,763,台鹽實業,,,,,,,,,,,,,
1177,713,901,富鼎先進電子,,,,,,,,,,,,,
1178,714,749,州巧科技,,,,,,,,,,,,,
1179,715,642,千附實業,,,,,,,,,,,,,
1180,365,296,匯僑室內裝修設計,,,,,,,,,,,,,
1181,716,740,沛波鋼鐵,,,,,,,,,,,,,
1182,366,340,城邦文化事業,,,,,,,,,,,,,
1183,717,675,亞崴機電,,,,,,,,,,,,,
1184,367,349,大成工程,,,,,,,,,,,,,
1185,368,439,永信建設開發,,,,,,,,,,,,,
1186,718,566,和鑫光電,,,,,,,,,,,,,
1187,369,353,沛華實業,,,,,,,,,,,,,
1188,719,844,波若威科技,,,,,,,,,,,,,
1189,720,767,台灣神隆,,,,,,,,,,,,,
1190,721,-,東峰,,,,,,,,,,,,,
1191,722,789,台耀化學,,,,,,,,,,,,,
1192,723,567,森鉅科技材料,,,,,,,,,,,,,
1193,724,684,朋程科技,,,,,,,,,,,,,
1194,724,793,和喬科技,,,,,,,,,,,,,
1195,726,831,信驊科技,,,,,,,,,,,,,
1196,727,696,富強鑫精密工業,,,,,,,,,,,,,
1197,370,348,寶島光學科技,,,,,,,,,,,,,
1198,370,411,閎康科技,,,,,,,,,,,,,
1199,728,680,花仙子企業,,,,,,,,,,,,,
1200,729,839,華冠通訊,,,,,,,,,,,,,
1201,730,550,百一電子,,,,,,,,,,,,,
1202,731,617,美隆工業,,,,,,,,,,,,,
1203,372,-,宜特科技,,,,,,,,,,,,,
1204,732,799,屏榮食品,,,,,,,,,,,,,
1205,733,799,健喬信元醫藥生技,,,,,,,,,,,,,
1206,734,747,聯鐵企業,,,,,,,,,,,,,
1207,373,306,統聯汽車客運,,,,,,,,,,,,,
1208,374,367,三商電腦,,,,,,,,,,,,,
1209,735,810,加高電子,,,,,,,,,,,,,
1210,736,641,信昌機械廠,,,,,,,,,,,,,
1211,737,-,立肯國際,,,,,,,,,,,,,
1212,738,635,路竹新益工廠,,,,,,,,,,,,,
1213,375,365,裕新汽車,,,,,,,,,,,,,
1214,739,1064,佳龍科技工程,,,,,,,,,,,,,
1215,376,128,東南旅行社,,,,,,,,,,,,,
1216,740,626,營邦企業,,,,,,,,,,,,,
1217,741,786,太空梭高傳真資訊科技,,,,,,,,,,,,,
1218,742,761,榮星電線工業,,,,,,,,,,,,,
1219,377,423,宏林營造廠,,,,,,,,,,,,,
1220,743,679,今國光學工業,,,,,,,,,,,,,
1221,744,777,茂訊電腦,,,,,,,,,,,,,
1222,745,741,尖點科技,,,,,,,,,,,,,
1223,378,343,光菱電子,,,,,,,,,,,,,
1224,746,674,友聯車材製造,,,,,,,,,,,,,
1225,747,-,麥箖企業,,,,,,,,,,,,,
1226,379,-,太平洋建設,,,,,,,,,,,,,
1227,748,756,裕笙工業,,,,,,,,,,,,,
1228,749,893,鑫禾科技,,,,,,,,,,,,,
1229,749,-,金鍛工業,,,,,,,,,,,,,
1230,751,772,穎台科技,,,,,,,,,,,,,
1231,752,650,台灣精星科技,,,,,,,,,,,,,
1232,753,812,建舜電子製造,,,,,,,,,,,,,
1233,754,660,晉禾企業,,,,,,,,,,,,,
1234,755,761,新揚科技,,,,,,,,,,,,,
1235,755,963,博智電子,,,,,,,,,,,,,
1236,757,785,穎崴科技,,,,,,,,,,,,,
1237,380,404,日友環保科技,,,,,,,,,,,,,
1238,758,809,凌通科技,,,,,,,,,,,,,
1239,381,399,鉅盛國際物流,,,,,,,,,,,,,
1240,381,434,集雅社,,,,,,,,,,,,,
1241,383,395,堡達實業,,,,,,,,,,,,,
1242,759,664,美?國際,,,,,,,,,,,,,
1243,760,738,茂順密封元件科技,,,,,,,,,,,,,
1244,761,784,車王電子,,,,,,,,,,,,,
1245,761,787,昶昕實業,,,,,,,,,,,,,
1246,763,606,云光科技,,,,,,,,,,,,,
1247,384,427,中租汽車租賃,,,,,,,,,,,,,
1248,764,669,弘裕企業,,,,,,,,,,,,,
1249,385,356,基督復臨安息日會醫療財團法人臺安醫院,,,,,,,,,,,,,
1250,385,389,新潤興業,,,,,,,,,,,,,
1251,765,698,世全鋼鐵企業,,,,,,,,,,,,,
1252,387,326,欣南天然氣,,,,,,,,,,,,,
1253,766,760,台灣矢崎,,,,,,,,,,,,,
1254,388,393,漢科系統科技,,,,,,,,,,,,,
1255,767,829,超秦企業,,,,,,,,,,,,,
1256,389,-,新鼎系統,,,,,,,,,,,,,
1257,768,835,台灣精銳科技,,,,,,,,,,,,,
1258,769,796,眾福科技,,,,,,,,,,,,,
1259,390,383,中國貨櫃運輸,,,,,,,,,,,,,
1260,770,790,合機電線電纜,,,,,,,,,,,,,
1261,770,877,展達通訊,,,,,,,,,,,,,
1262,772,706,產協企業,,,,,,,,,,,,,
1263,391,448,優仕咖啡,,,,,,,,,,,,,
1264,392,380,乾杯,,,,,,,,,,,,,
1265,393,205,淘帝國際控股,,,,,,,,,,,,,
1266,394,281,寒舍餐旅管理顧問,,,,,,,,,,,,,
1267,395,425,關中,,,,,,,,,,,,,
1268,773,745,李長榮科技,,,,,,,,,,,,,
1269,774,616,吉源控股,,,,,,,,,,,,,
1270,396,489,訊達電腦,,,,,,,,,,,,,
1271,775,746,台榮產業,,,,,,,,,,,,,
1272,397,233,宏盛建設,,,,,,,,,,,,,
1273,776,755,朝友工業,,,,,,,,,,,,,
1274,398,375,邦妮企業,,,,,,,,,,,,,
1275,777,719,拍檔科技,,,,,,,,,,,,,
1276,399,376,羅昇企業,,,,,,,,,,,,,
1277,400,417,三聯科技,,,,,,,,,,,,,
1278,778,705,三晃,,,,,,,,,,,,,
1279,401,369,好樂迪,,,,,,,,,,,,,
1280,402,436,嵩森科技,,,,,,,,,,,,,
1281,779,691,東徽企業,,,,,,,,,,,,,
1282,779,934,全球傳動科技,,,,,,,,,,,,,
1283,781,765,台灣日立金屬,,,,,,,,,,,,,
1284,782,659,潤泰全球,,,,,,,,,,,,,
1285,403,457,坤悅開發,,,,,,,,,,,,,
1286,404,331,新東陽,,,,,,,,,,,,,
1287,783,704,佐登妮絲集團,,,,,,,,,,,,,
1288,784,864,友輝光電,,,,,,,,,,,,,
1289,784,940,菲力工業,,,,,,,,,,,,,
1290,405,414,鴻名企業,,,,,,,,,,,,,
1291,405,441,春原營造,,,,,,,,,,,,,
1292,407,393,東京都保全,,,,,,,,,,,,,
1293,786,763,郁珺實業,,,,,,,,,,,,,
1294,787,820,久津實業,,,,,,,,,,,,,
1295,788,598,宜進實業,,,,,,,,,,,,,
1296,789,1221,聰泰科技開發,,,,,,,,,,,,,
1297,408,385,鋐寶科技,,,,,,,,,,,,,
1298,790,724,台灣華歌爾,,,,,,,,,,,,,
1299,791,843,台塑生醫科技,,,,,,,,,,,,,
1300,409,-,大魯閣開發,,,,,,,,,,,,,
1301,792,-,中一食品,,,,,,,,,,,,,
1302,793,661,新鉅科技,,,,,,,,,,,,,
1303,794,935,力泰建設企業,,,,,,,,,,,,,
1304,795,859,旭富製藥科技,,,,,,,,,,,,,
1305,796,717,億泰電線電纜,,,,,,,,,,,,,
1306,410,396,可寧衛,,,,,,,,,,,,,
1307,797,894,業強科技,,,,,,,,,,,,,
1308,798,759,南良國際,,,,,,,,,,,,,
1309,411,314,四維航業,,,,,,,,,,,,,
1310,412,-,寶贊開發事業,,,,,,,,,,,,,
1311,799,714,綿春纖維工業,,,,,,,,,,,,,
1312,799,748,新科光電材料,,,,,,,,,,,,,
1313,801,-,正基科技,,,,,,,,,,,,,
1314,802,737,富林塑膠工業(開曼)控股,,,,,,,,,,,,,
1315,413,403,耕坊行,,,,,,,,,,,,,
1316,414,435,資拓宏宇國際,,,,,,,,,,,,,
1317,803,726,鴻碩精密電工,,,,,,,,,,,,,
1318,415,355,大台南區天然氣,,,,,,,,,,,,,
1319,804,738,易華電子,,,,,,,,,,,,,
1320,805,823,全新光電科技,,,,,,,,,,,,,
1321,806,685,協易機械工業,,,,,,,,,,,,,
1322,807,683,大展電線電纜,,,,,,,,,,,,,
1323,807,699,聚隆纖維,,,,,,,,,,,,,
1324,809,658,雙鍵化工,,,,,,,,,,,,,
1325,810,766,金洲海洋科技,,,,,,,,,,,,,
1326,811,813,上品綜合工業,,,,,,,,,,,,,
1327,812,871,偉詮電子,,,,,,,,,,,,,
1328,813,-,熱映光電,,,,,,,,,,,,,
1329,814,837,康全電訊,,,,,,,,,,,,,
1330,815,754,台星科,,,,,,,,,,,,,
1331,416,-,聚恆科技,,,,,,,,,,,,,
1332,816,732,崴立機電,,,,,,,,,,,,,
1333,817,801,?霖冷凍機械,,,,,,,,,,,,,
1334,818,794,六暉控股,,,,,,,,,,,,,
1335,819,832,揚博科技,,,,,,,,,,,,,
1336,819,920,大中積體電路,,,,,,,,,,,,,
1337,821,1236,豪展醫療科技,,,,,,,,,,,,,
1338,821,-,阿爾發金屬化工,,,,,,,,,,,,,
1339,821,-,桂冠實業,,,,,,,,,,,,,
1340,824,808,中日合成化學,,,,,,,,,,,,,
1341,824,908,優群科技,,,,,,,,,,,,,
1342,826,758,帝聞企業,,,,,,,,,,,,,
1343,827,879,希華晶體科技,,,,,,,,,,,,,
1344,417,352,大綜電腦系統,,,,,,,,,,,,,
1345,418,411,衛生福利部豐原醫院,,,,,,,,,,,,,
1346,828,980,創惟科技,,,,,,,,,,,,,
1347,829,856,日揚科技,,,,,,,,,,,,,
1348,419,431,是方電訊,,,,,,,,,,,,,
1349,420,389,大都會汽車客運,,,,,,,,,,,,,
1350,420,416,衛生福利部台北醫院,,,,,,,,,,,,,
1351,422,374,承業生醫投資控股,,,,,,,,,,,,,
1352,830,938,日茂新材料,,,,,,,,,,,,,
1353,423,432,台北農產運銷,,,,,,,,,,,,,
1354,424,472,智友,,,,,,,,,,,,,
1355,831,735,其祥生物科技控股,,,,,,,,,,,,,
1356,425,391,品興營造,,,,,,,,,,,,,
1357,426,484,力麗科技,,,,,,,,,,,,,
1358,832,558,相互,,,,,,,,,,,,,
1359,833,860,宇隆科技,,,,,,,,,,,,,
1360,834,713,台灣矽科宏晟科技,,,,,,,,,,,,,
1361,427,421,統祥,,,,,,,,,,,,,
1362,428,408,中友百貨,,,,,,,,,,,,,
1363,835,-,世紀離岸風電設備,,,,,,,,,,,,,
1364,836,855,家登精密工業,,,,,,,,,,,,,
1365,836,857,耐斯企業,,,,,,,,,,,,,
1366,838,780,勝德國際研發,,,,,,,,,,,,,
1367,429,275,中麟營造,,,,,,,,,,,,,
1368,430,428,統一東京,,,,,,,,,,,,,
1369,839,917,宏齊科技,,,,,,,,,,,,,
1370,840,730,輝創電子,,,,,,,,,,,,,
1371,841,883,有成精密,,,,,,,,,,,,,
1372,841,1004,新格發企業,,,,,,,,,,,,,
1373,843,987,至寶光電,,,,,,,,,,,,,
1374,844,909,高技企業,,,,,,,,,,,,,
1375,431,418,新永和,,,,,,,,,,,,,
1376,432,359,台灣航業,,,,,,,,,,,,,
1377,433,379,欣中天然氣,,,,,,,,,,,,,
1378,845,952,弘塑科技,,,,,,,,,,,,,
1379,434,429,沛榮國際,,,,,,,,,,,,,
1380,846,771,油機工業,,,,,,,,,,,,,
1381,847,781,尼克森微電子,,,,,,,,,,,,,
1382,848,803,新巨企業,,,,,,,,,,,,,
1383,435,413,英屬蓋曼群島商家庭傳媒城邦分公司,,,,,,,,,,,,,
1384,849,815,凱景實業,,,,,,,,,,,,,
1385,436,466,友和貿易,,,,,,,,,,,,,
1386,850,954,大銀微系統,,,,,,,,,,,,,
1387,851,665,宏塑工業,,,,,,,,,,,,,
1388,851,770,正達國際光電,,,,,,,,,,,,,
1389,437,-,國光汽車客運,,,,,,,,,,,,,
1390,853,806,昇陽國際半導體,,,,,,,,,,,,,
1391,438,438,好好國際物流,,,,,,,,,,,,,
1392,439,401,裕國冷凍冷藏,,,,,,,,,,,,,
1393,854,575,華夏玻璃,,,,,,,,,,,,,
1394,855,824,鼎元光電科技,,,,,,,,,,,,,
1395,856,982,大量科技,,,,,,,,,,,,,
1396,857,826,力特光電科技,,,,,,,,,,,,,
1397,440,482,歐力士小客車租賃,,,,,,,,,,,,,
1398,441,462,康軒文教事業,,,,,,,,,,,,,
1399,442,503,亞洲藏壽司,,,,,,,,,,,,,
1400,858,845,光紅建聖,,,,,,,,,,,,,
1401,443,461,台北港貨櫃碼頭,,,,,,,,,,,,,
1402,443,-,皇龍開發,,,,,,,,,,,,,
1403,859,986,輝庭企業,,,,,,,,,,,,,
1404,860,872,中國探針,,,,,,,,,,,,,
1405,445,420,彥星傳播事業,,,,,,,,,,,,,
1406,446,490,中華國際通訊網路,,,,,,,,,,,,,
1407,861,895,嘉基科技,,,,,,,,,,,,,
1408,862,863,捷流閥業,,,,,,,,,,,,,
1409,863,743,越南製造加工出口控股,,,,,,,,,,,,,
1410,863,819,牧德科技,,,,,,,,,,,,,
1411,863,924,鑫科材料科技,,,,,,,,,,,,,
1412,866,725,旭東機械工業,,,,,,,,,,,,,
1413,867,830,瑞士遠東,,,,,,,,,,,,,
1414,868,852,杏輝藥品工業,,,,,,,,,,,,,
1415,869,854,松和工業,,,,,,,,,,,,,
1416,870,970,鈺邦科技,,,,,,,,,,,,,
1417,871,827,岱稜科技,,,,,,,,,,,,,
1418,871,833,太松實業,,,,,,,,,,,,,
1419,873,729,振鋒企業,,,,,,,,,,,,,
1420,874,1150,新台灣久保田,,,,,,,,,,,,,
1421,875,715,日勝化工,,,,,,,,,,,,,
1422,876,834,盈正豫順電子,,,,,,,,,,,,,
1423,876,1036,德寶家電,,,,,,,,,,,,,
1424,878,1018,鼎炫投資控股,,,,,,,,,,,,,
1425,447,452,遠通電收,,,,,,,,,,,,,
1426,879,811,薛長興工業,,,,,,,,,,,,,
1427,879,989,興中台,,,,,,,,,,,,,
1428,448,451,財團法人公共電視文化事業基金會,,,,,,,,,,,,,
1429,881,969,承德油脂,,,,,,,,,,,,,
1430,882,914,濟南大自然新材料,,,,,,,,,,,,,
1431,883,773,新麗企業,,,,,,,,,,,,,
1432,884,841,聯合骨科器材,,,,,,,,,,,,,
1433,449,525,中菲電腦,,,,,,,,,,,,,
1434,450,468,客集,,,,,,,,,,,,,
1435,885,1047,裕源紡織,,,,,,,,,,,,,
1436,451,492,穗曄實業,,,,,,,,,,,,,
1437,452,-,雲雀國際,,,,,,,,,,,,,
1438,453,424,欣泰石油氣,,,,,,,,,,,,,
1439,886,926,聯亞光電工業,,,,,,,,,,,,,
1440,887,867,凱撒衛浴,,,,,,,,,,,,,
1441,888,816,固緯電子實業,,,,,,,,,,,,,
1442,889,847,由田新技,,,,,,,,,,,,,
1443,889,932,大享容器工業,,,,,,,,,,,,,
1444,891,712,國宏,,,,,,,,,,,,,
1445,892,751,聯昌電子企業,,,,,,,,,,,,,
1446,893,939,和勤精機,,,,,,,,,,,,,
1447,894,907,巨庭機械,,,,,,,,,,,,,
1448,895,912,長泓膠業,,,,,,,,,,,,,
1449,896,932,世同金屬,,,,,,,,,,,,,
1450,897,1027,茂生農經,,,,,,,,,,,,,
1451,454,470,格菱,,,,,,,,,,,,,
1452,455,381,弘帆,,,,,,,,,,,,,
1453,456,469,聯邦國際租賃,,,,,,,,,,,,,
1454,898,1096,慶良電子,,,,,,,,,,,,,
1455,899,776,江興鍛壓工業,,,,,,,,,,,,,
1456,900,818,第一伸銅科技,,,,,,,,,,,,,
1457,901,1029,世豐螺絲,,,,,,,,,,,,,
1458,902,891,台灣漢高,,,,,,,,,,,,,
1459,902,1022,同星科技,,,,,,,,,,,,,
1460,904,721,伍豐科技,,,,,,,,,,,,,
1461,904,795,中華電線電纜,,,,,,,,,,,,,
1462,457,447,和展投資,,,,,,,,,,,,,
1463,458,437,財盟小客車租賃,,,,,,,,,,,,,
1464,459,409,高雄捷運,,,,,,,,,,,,,
1465,906,693,美琪瑪國際,,,,,,,,,,,,,
1466,907,840,達新工業,,,,,,,,,,,,,
1467,907,847,鉅明,,,,,,,,,,,,,
1468,460,-,名軒開發,,,,,,,,,,,,,
1469,461,464,衛生福利部台中醫院,,,,,,,,,,,,,
1470,909,792,西勝國際,,,,,,,,,,,,,
1471,910,-,富世達,,,,,,,,,,,,,
1472,911,-,東勝電氣,,,,,,,,,,,,,
1473,912,1246,明躍國際健康科技,,,,,,,,,,,,,
1474,913,676,鑫陽鋼鐵,,,,,,,,,,,,,
1475,913,731,泰詠電子,,,,,,,,,,,,,
1476,915,1029,台灣高壹工機,,,,,,,,,,,,,
1477,916,951,迎廣科技,,,,,,,,,,,,,
1478,917,1074,旭品科技,,,,,,,,,,,,,
1479,462,430,新海瓦斯,,,,,,,,,,,,,
1480,918,950,宇智網通,,,,,,,,,,,,,
1481,919,868,太極能源科技,,,,,,,,,,,,,
1482,920,1069,璟德電子工業,,,,,,,,,,,,,
1483,921,1003,祥興鋼鐵工業,,,,,,,,,,,,,
1484,922,1019,青雲國際科技,,,,,,,,,,,,,
1485,923,954,太平洋醫材,,,,,,,,,,,,,
1486,924,927,越峰電子材料,,,,,,,,,,,,,
1487,463,454,華經資訊企業,,,,,,,,,,,,,
1488,925,942,新光紡織,,,,,,,,,,,,,
1489,926,975,凡甲科技,,,,,,,,,,,,,
1490,927,957,台灣嘉碩科技,,,,,,,,,,,,,
1491,464,459,群健有線電視,,,,,,,,,,,,,
1492,928,1023,詩肯,,,,,,,,,,,,,
1493,929,846,華祺工業,,,,,,,,,,,,,
1494,930,923,光頡科技,,,,,,,,,,,,,
1495,931,807,台灣瀧澤科技,,,,,,,,,,,,,
1496,465,483,華儲,,,,,,,,,,,,,
1497,932,804,昭輝實業,,,,,,,,,,,,,
1498,933,900,協禧電機,,,,,,,,,,,,,
1499,934,866,至興精機,,,,,,,,,,,,,
1500,935,1109,興采實業,,,,,,,,,,,,,
1501,936,883,映泰,,,,,,,,,,,,,
1502,466,216,達麗建設事業,,,,,,,,,,,,,
1503,937,768,台灣雙葉電子,,,,,,,,,,,,,
1504,938,993,百德機械,,,,,,,,,,,,,
1505,467,546,萬鼎工程服務,,,,,,,,,,,,,
1506,939,814,科定企業,,,,,,,,,,,,,
1507,940,1115,安集科技,,,,,,,,,,,,,
1508,468,512,信實保全,,,,,,,,,,,,,
1509,469,595,友銓電子,,,,,,,,,,,,,
1510,941,943,高力熱處理工業,,,,,,,,,,,,,
1511,942,1145,安力國際,,,,,,,,,,,,,
1512,943,860,中國電器,,,,,,,,,,,,,
1513,944,965,揚智科技,,,,,,,,,,,,,
1514,945,913,永祺車業,,,,,,,,,,,,,
1515,470,518,喜威世流通,,,,,,,,,,,,,
1516,946,849,驊陞科技,,,,,,,,,,,,,
1517,947,1104,鈞興機電國際,,,,,,,,,,,,,
1518,948,920,世禾科技,,,,,,,,,,,,,
1519,949,798,元翎精密工業,,,,,,,,,,,,,
1520,950,1009,嘉新水泥,,,,,,,,,,,,,
1521,471,582,大學光學科技,,,,,,,,,,,,,
1522,472,488,丞燕國際,,,,,,,,,,,,,
1523,473,473,中冠資訊,,,,,,,,,,,,,
1524,951,1168,萬機鋼?工業,,,,,,,,,,,,,
1525,952,1146,鈦昇科技,,,,,,,,,,,,,
1526,953,802,協鴻工業,,,,,,,,,,,,,
1527,474,422,普羅小客車租賃,,,,,,,,,,,,,
1528,954,1114,禾昌興業,,,,,,,,,,,,,
1529,955,874,有益鋼鐵,,,,,,,,,,,,,
1530,475,405,伊士肯化學,,,,,,,,,,,,,
1531,956,963,新文欽五金企業,,,,,,,,,,,,,
1532,957,1031,千如電機工業,,,,,,,,,,,,,
1533,958,1067,台灣第一生化科技,,,,,,,,,,,,,
1534,959,888,遠東機械工業,,,,,,,,,,,,,
1535,476,520,普羅汽車,,,,,,,,,,,,,
1536,960,1053,達邁科技,,,,,,,,,,,,,
1537,477,478,衛生福利部台南醫院,,,,,,,,,,,,,
1538,477,517,富泰營造,,,,,,,,,,,,,
1539,479,376,國賓大飯店,,,,,,,,,,,,,
1540,480,486,大豐有線電視,,,,,,,,,,,,,
1541,961,906,五鼎生物技術,,,,,,,,,,,,,
1542,962,956,雃博,,,,,,,,,,,,,
1543,963,958,耀億工業,,,,,,,,,,,,,
1544,481,445,永聖貿易,,,,,,,,,,,,,
1545,964,945,精聯電子,,,,,,,,,,,,,
1546,965,911,華孚科技,,,,,,,,,,,,,
1547,966,1054,合興電線電纜,,,,,,,,,,,,,
1548,482,498,台灣大車隊,,,,,,,,,,,,,
1549,482,605,泰創工程,,,,,,,,,,,,,
1550,967,842,世德工業,,,,,,,,,,,,,
1551,968,-,盈嘉科技,,,,,,,,,,,,,
1552,969,936,鼎基先進材料,,,,,,,,,,,,,
1553,969,1071,鴻呈實業,,,,,,,,,,,,,
1554,484,465,欣欣天然氣,,,,,,,,,,,,,
1555,971,875,元祥金屬工業,,,,,,,,,,,,,
1556,972,1091,?凱工業,,,,,,,,,,,,,
1557,973,987,久聯化學工業,,,,,,,,,,,,,
1558,485,487,仲博科技,,,,,,,,,,,,,
1559,485,-,路易莎職人咖啡,,,,,,,,,,,,,
1560,974,1104,威鋒電子,,,,,,,,,,,,,
1561,974,1186,優頻科技材料,,,,,,,,,,,,,
1562,976,910,錩新科技,,,,,,,,,,,,,
1563,977,869,鐿鈦科技,,,,,,,,,,,,,
1564,978,1041,龍翰科技,,,,,,,,,,,,,
1565,979,1088,杰力科技,,,,,,,,,,,,,
1566,980,1025,漢磊科技,,,,,,,,,,,,,
1567,981,1017,邦特生物科技,,,,,,,,,,,,,
1568,487,522,賀華實業,,,,,,,,,,,,,
1569,982,1065,佳承精工,,,,,,,,,,,,,
1570,983,821,漢平電子工業,,,,,,,,,,,,,
1571,983,1138,倉和,,,,,,,,,,,,,
1572,985,1087,台灣住友培科,,,,,,,,,,,,,
1573,986,1095,龍慶鋼鐵企業,,,,,,,,,,,,,
1574,986,1322,龍德造船工業,,,,,,,,,,,,,
1575,488,510,三和汽車,,,,,,,,,,,,,
1576,988,828,佳和實業,,,,,,,,,,,,,
1577,989,1040,銘鈺精密工業,,,,,,,,,,,,,
1578,990,953,廷鑫興業,,,,,,,,,,,,,
1579,990,981,結進不銹鋼工業,,,,,,,,,,,,,
1580,992,1004,三能集團控股,,,,,,,,,,,,,
1581,489,527,台灣彩券,,,,,,,,,,,,,
1582,993,899,日皓造紙工業,,,,,,,,,,,,,
1583,994,853,耿鼎企業,,,,,,,,,,,,,
1584,490,444,遠雄自貿港投資控股,,,,,,,,,,,,,
1585,995,862,台翰精密科技,,,,,,,,,,,,,
1586,995,1144,陽程科技,,,,,,,,,,,,,
1587,997,892,天仁茶業,,,,,,,,,,,,,
1588,491,518,建新國際,,,,,,,,,,,,,
1589,998,783,聚積科技,,,,,,,,,,,,,
1590,998,890,艾笛森光電,,,,,,,,,,,,,
1591,492,440,全達國際,,,,,,,,,,,,,
1592,492,533,關貿網路,,,,,,,,,,,,,
1593,1000,1175,鈺太科技,,,,,,,,,,,,,
1594,494,619,安倉營造,,,,,,,,,,,,,
1595,1001,976,泰昇國際(控股),,,,,,,,,,,,,
1596,1002,1117,品安科技,,,,,,,,,,,,,
1597,495,540,三竹資訊,,,,,,,,,,,,,
1598,496,168,台灣虎航,,,,,,,,,,,,,
1599,1003,1146,瑞穎,,,,,,,,,,,,,
1600,1004,1090,英格爾科技,,,,,,,,,,,,,
1601,1005,865,英全化學工業,,,,,,,,,,,,,
1602,1006,1057,佐茂,,,,,,,,,,,,,
1603,1006,1216,國光生物科技,,,,,,,,,,,,,
1604,497,476,寶聯光學,,,,,,,,,,,,,
1605,1008,887,中國製釉,,,,,,,,,,,,,
1606,498,467,緯來電視網,,,,,,,,,,,,,
1607,499,496,互動國際數位,,,,,,,,,,,,,
1608,1009,883,同泰電子科技,,,,,,,,,,,,,
1609,1010,978,妙春實業,,,,,,,,,,,,,
1610,500,523,衛生福利部彰化醫院,,,,,,,,,,,,,
1611,501,456,遠雄航空自由貿易港區,,,,,,,,,,,,,
1612,1011,889,龍生工業,,,,,,,,,,,,,
1613,1012,973,基士德科技,,,,,,,,,,,,,
1614,502,426,昭安國際,,,,,,,,,,,,,
1615,1013,1081,融程電訊,,,,,,,,,,,,,
1616,1013,1195,台灣茂矽電子,,,,,,,,,,,,,
1617,1015,922,久威國際,,,,,,,,,,,,,
1618,503,551,大園汽電共生,,,,,,,,,,,,,
1619,504,445,凱羿國際集團,,,,,,,,,,,,,
1620,1016,946,惠光,,,,,,,,,,,,,
1621,505,503,擎邦國際科技工程,,,,,,,,,,,,,
1622,505,507,誼光保全,,,,,,,,,,,,,
1623,1017,1093,虹光精密工業,,,,,,,,,,,,,
1624,507,433,雲品國際酒店,,,,,,,,,,,,,
1625,1018,1189,光耀科技,,,,,,,,,,,,,
1626,1019,-,良達科技,,,,,,,,,,,,,
1627,508,497,北昌營造,,,,,,,,,,,,,
1628,1020,1209,松瑞製藥,,,,,,,,,,,,,
1629,1021,1289,久陽精密,,,,,,,,,,,,,
1630,1022,1107,震南鐵線,,,,,,,,,,,,,
1631,1023,-,凌陽創新科技,,,,,,,,,,,,,
1632,509,345,長榮航勤,,,,,,,,,,,,,
1633,509,515,高明貨櫃碼頭,,,,,,,,,,,,,
1634,1024,1012,南僑油脂事業,,,,,,,,,,,,,
1635,1025,1020,貝民,,,,,,,,,,,,,
1636,511,502,麗彤生醫科技,,,,,,,,,,,,,
1637,1026,902,台灣麗馳科技,,,,,,,,,,,,,
1638,1026,1033,美生金屬工業,,,,,,,,,,,,,
1639,1028,966,建上工業,,,,,,,,,,,,,
1640,1029,836,聯超實業,,,,,,,,,,,,,
1641,512,591,豆府,,,,,,,,,,,,,
1642,1030,941,協明化工,,,,,,,,,,,,,
1643,1031,991,合眾紙業,,,,,,,,,,,,,
1644,513,549,仁大資訊,,,,,,,,,,,,,
1645,1032,1039,永豐紙業,,,,,,,,,,,,,
1646,1032,1130,保瑞藥業,,,,,,,,,,,,,
1647,514,543,雅光,,,,,,,,,,,,,
1648,515,491,安東貿易,,,,,,,,,,,,,
1649,1034,967,興能高科技,,,,,,,,,,,,,
1650,1035,1013,光聯科技,,,,,,,,,,,,,
1651,516,514,統一速邁自販,,,,,,,,,,,,,
1652,1036,927,湧盛電機,,,,,,,,,,,,,
1653,1037,723,聯發紡織纖維,,,,,,,,,,,,,
1654,1037,995,台南生活(開曼),,,,,,,,,,,,,
1655,1039,1043,百容電子,,,,,,,,,,,,,
1656,1040,1169,力旺電子,,,,,,,,,,,,,
1657,1041,994,晶采光電科技,,,,,,,,,,,,,
1658,1042,1111,兆勁科技,,,,,,,,,,,,,
1659,1043,875,台灣中華化學工業,,,,,,,,,,,,,
1660,1044,1008,健益汽車工業,,,,,,,,,,,,,
1661,1045,1014,勁豐電子,,,,,,,,,,,,,
1662,1046,1084,聚鼎科技,,,,,,,,,,,,,
1663,1047,1034,日成控股,,,,,,,,,,,,,
1664,517,524,南桃園有線電視,,,,,,,,,,,,,
1665,1048,817,詠星企業,,,,,,,,,,,,,
1666,1049,1099,冠坤電子企業,,,,,,,,,,,,,
1667,1049,1132,其陽科技,,,,,,,,,,,,,
1668,1051,960,倉佑實業,,,,,,,,,,,,,
1669,1052,1063,建碁,,,,,,,,,,,,,
1670,518,-,森寶開發,,,,,,,,,,,,,
1671,1053,1052,南光化學製藥,,,,,,,,,,,,,
1672,1053,-,台塑大金精密化學,,,,,,,,,,,,,
1673,1055,1007,福盈科技化學,,,,,,,,,,,,,
1674,1056,1059,新林電機,,,,,,,,,,,,,
1675,519,538,衛生福利部南投醫院,,,,,,,,,,,,,
1676,520,557,陸海,,,,,,,,,,,,,
1677,1057,1001,台硝,,,,,,,,,,,,,
1678,1058,1117,研通科技,,,,,,,,,,,,,
1679,1059,715,浩鑫,,,,,,,,,,,,,
1680,1060,1011,亞洲電材,,,,,,,,,,,,,
1681,1061,880,閎暉實業,,,,,,,,,,,,,
1682,521,511,城偉實業,,,,,,,,,,,,,
1683,1062,1133,吉茂精密,,,,,,,,,,,,,
1684,522,537,和平工業區專用港實業,,,,,,,,,,,,,
1685,1063,1060,台灣富美家,,,,,,,,,,,,,
1686,1064,-,台灣圓點奈米技術,,,,,,,,,,,,,
1687,1065,1225,安鈦克科技,,,,,,,,,,,,,
1688,1066,1075,芳泉工業,,,,,,,,,,,,,
1689,1067,886,儒億科技,,,,,,,,,,,,,
1690,1068,959,同亨科技,,,,,,,,,,,,,
1691,1069,778,豐達科技,,,,,,,,,,,,,
1692,1070,1006,良機實業,,,,,,,,,,,,,
1693,1071,1000,先益電子工業,,,,,,,,,,,,,
1694,523,520,強全企業,,,,,,,,,,,,,
1695,1072,1061,川寶科技,,,,,,,,,,,,,
1696,1073,1177,中揚光電,,,,,,,,,,,,,
1697,1074,858,東浦精密光電,,,,,,,,,,,,,
1698,1075,1082,開發工業,,,,,,,,,,,,,
1699,524,541,泉盛,,,,,,,,,,,,,
1700,1076,929,晉椿工業,,,,,,,,,,,,,
1701,1077,1250,淳安電子,,,,,,,,,,,,,
1702,1078,1237,幸孚預拌混凝土廠,,,,,,,,,,,,,
1703,1079,915,華廣生技,,,,,,,,,,,,,
1704,1080,962,裕力機械,,,,,,,,,,,,,
1705,1080,1133,台灣積層工業,,,,,,,,,,,,,
1706,1082,897,西柏科技,,,,,,,,,,,,,
1707,525,-,裕富數位資融,,,,,,,,,,,,,
1708,1083,1101,昆盈企業,,,,,,,,,,,,,
1709,526,547,宇贊實業,,,,,,,,,,,,,
1710,1084,1108,中華食品實業,,,,,,,,,,,,,
1711,527,568,富宇地產,,,,,,,,,,,,,
1712,1085,1047,全宇生技控股,,,,,,,,,,,,,
1713,528,579,訊連科技,,,,,,,,,,,,,
1714,1086,1078,晉倫科技,,,,,,,,,,,,,
1715,1087,1079,錸寶科技,,,,,,,,,,,,,
1716,1088,1016,宏亞食品,,,,,,,,,,,,,
1717,529,548,一零四資訊科技,,,,,,,,,,,,,
1718,530,-,同開科技工程,,,,,,,,,,,,,
1719,1089,905,怡利電子工業,,,,,,,,,,,,,
1720,531,475,華友聯開發,,,,,,,,,,,,,
1721,532,559,三星營造,,,,,,,,,,,,,
1722,1090,972,新盛力科技,,,,,,,,,,,,,
1723,1091,948,昱友企業,,,,,,,,,,,,,
1724,1092,1028,台塑旭彈性纖維,,,,,,,,,,,,,
1725,533,542,台灣鋼聯,,,,,,,,,,,,,
1726,1093,1055,虹揚發展科技,,,,,,,,,,,,,
1727,1094,1080,群翊工業,,,,,,,,,,,,,
1728,1094,1098,上詮光纖通信,,,,,,,,,,,,,
1729,1096,916,高林,,,,,,,,,,,,,
1730,1097,1010,高鋒工業,,,,,,,,,,,,,
1731,1097,-,攸泰科技,,,,,,,,,,,,,
1732,1099,949,?邦實業,,,,,,,,,,,,,
1733,534,545,台塑網科技,,,,,,,,,,,,,
1734,1100,1124,和椿科技,,,,,,,,,,,,,
1735,1101,1149,中天生物科技,,,,,,,,,,,,,
1736,535,553,衛生福利部基隆醫院,,,,,,,,,,,,,
1737,1102,-,安成國際藥業,,,,,,,,,,,,,
1738,1103,1082,鑫永銓,,,,,,,,,,,,,
1739,1104,1167,欣強科技,,,,,,,,,,,,,
1740,1105,1106,東南水泥,,,,,,,,,,,,,
1741,1106,1123,達輝光電,,,,,,,,,,,,,
1742,1107,1032,明揚國際科技,,,,,,,,,,,,,
1743,1108,1126,泰藝電子,,,,,,,,,,,,,
1744,1108,1129,統清,,,,,,,,,,,,,
1745,536,-,振宇五金,,,,,,,,,,,,,
1746,1110,1131,億新精機廠,,,,,,,,,,,,,
1747,1111,1189,台灣氣立,,,,,,,,,,,,,
1748,537,455,雅茗天地,,,,,,,,,,,,,
1749,1112,1273,動力科技,,,,,,,,,,,,,
1750,538,471,昊漢企業,,,,,,,,,,,,,
1751,538,506,錦州科技,,,,,,,,,,,,,
1752,540,584,三顧,,,,,,,,,,,,,
1753,1113,1218,勝品電通,,,,,,,,,,,,,
1754,1114,977,台灣北澤,,,,,,,,,,,,,
1755,1115,1155,萬旭電業,,,,,,,,,,,,,
1756,1116,1021,銘旺實業,,,,,,,,,,,,,
1757,1116,1026,中央造幣廠,,,,,,,,,,,,,
1758,1116,1113,寶齡富錦生技,,,,,,,,,,,,,
1759,1119,1260,介明塑膠,,,,,,,,,,,,,
1760,1120,1228,益張實業,,,,,,,,,,,,,
1761,541,-,新洲全球,,,,,,,,,,,,,
1762,1121,752,宏洲纖維工業,,,,,,,,,,,,,
1763,542,581,富台工程,,,,,,,,,,,,,
1764,1122,974,公信電子,,,,,,,,,,,,,
1765,543,495,南鎮天然氣,,,,,,,,,,,,,
1766,544,639,宇峻奧汀科技,,,,,,,,,,,,,
1767,545,614,統一資訊,,,,,,,,,,,,,
1768,1123,1285,中化合成生技,,,,,,,,,,,,,
1769,546,-,雙喜營造,,,,,,,,,,,,,
1770,547,-,暐固科技,,,,,,,,,,,,,
1771,548,576,數字科技,,,,,,,,,,,,,
1772,549,569,思夢樂,,,,,,,,,,,,,
1773,1124,1122,德微科技,,,,,,,,,,,,,
1774,1125,1189,皇家可口,,,,,,,,,,,,,
1775,1126,1154,八貫企業,,,,,,,,,,,,,
1776,1126,1173,振發實業,,,,,,,,,,,,,
1777,1128,1133,峻新電腦,,,,,,,,,,,,,
1778,1129,-,視陽光學,,,,,,,,,,,,,
1779,1130,1150,光環科技,,,,,,,,,,,,,
1780,550,528,全興國際事業,,,,,,,,,,,,,
1781,1131,-,高冠企業,,,,,,,,,,,,,
1782,551,533,東亞運輸倉儲,,,,,,,,,,,,,
1783,1132,-,友鋮,,,,,,,,,,,,,
1784,1133,961,凱銳光電,,,,,,,,,,,,,
1785,552,479,欣葉國際餐飲,,,,,,,,,,,,,
1786,1134,1102,磐儀科技,,,,,,,,,,,,,
1787,1134,1128,育富電子,,,,,,,,,,,,,
1788,1134,1148,大東紡織,,,,,,,,,,,,,
1789,553,494,康聯生醫科技,,,,,,,,,,,,,
1790,1137,-,萬潤科技,,,,,,,,,,,,,
1791,1138,1035,豐年豐和企業,,,,,,,,,,,,,
1792,554,501,欣雲天然氣,,,,,,,,,,,,,
1793,1139,1015,鋐昇實業,,,,,,,,,,,,,
1794,555,544,祥圃實業,,,,,,,,,,,,,
1795,1140,968,久正光電,,,,,,,,,,,,,
1796,556,-,立源營造,,,,,,,,,,,,,
1797,1141,996,靖洋集團控股,,,,,,,,,,,,,
1798,557,598,亞矽科技,,,,,,,,,,,,,
1799,558,264,三發地產,,,,,,,,,,,,,
1800,1142,1094,永新控股,,,,,,,,,,,,,
1801,559,337,億昇倉儲企業,,,,,,,,,,,,,
1802,559,450,六福開發,,,,,,,,,,,,,
1803,1143,1075,春翔欣業,,,,,,,,,,,,,
1804,1144,1241,訊映光電,,,,,,,,,,,,,
1805,561,530,德記洋行,,,,,,,,,,,,,
1806,1145,1044,環宇通訊半導體控股,,,,,,,,,,,,,
1807,1146,1056,昇達科技,,,,,,,,,,,,,
1808,562,610,揚秦國際企業,,,,,,,,,,,,,
1809,563,278,穩鼎石化,,,,,,,,,,,,,
1810,563,-,聯上開發,,,,,,,,,,,,,
1811,565,528,進金生能源服務,,,,,,,,,,,,,
1812,566,601,台灣通運倉儲,,,,,,,,,,,,,
1813,567,499,捷必勝控股,,,,,,,,,,,,,
1814,1147,1202,協益飼料,,,,,,,,,,,,,
1815,1147,-,台龍電子,,,,,,,,,,,,,
1816,568,606,嘉儀企業,,,,,,,,,,,,,
1817,569,611,穩得實業,,,,,,,,,,,,,
1818,1149,1068,磐亞,,,,,,,,,,,,,
1819,570,566,通用矽酮,,,,,,,,,,,,,
1820,1150,1062,南俊國際,,,,,,,,,,,,,
1821,1151,1125,健信科技工業,,,,,,,,,,,,,
1822,1152,1143,建榮工業材料,,,,,,,,,,,,,
1823,571,573,三貝德數位文創,,,,,,,,,,,,,
1824,1153,1341,通嘉科技,,,,,,,,,,,,,
1825,572,563,科懋生物科技,,,,,,,,,,,,,
1826,1154,1136,台通光電,,,,,,,,,,,,,
1827,573,583,瑞滬企業,,,,,,,,,,,,,
1828,573,588,中鋼保全,,,,,,,,,,,,,
1829,575,586,福輪汽車,,,,,,,,,,,,,
1830,1155,1092,立大化工,,,,,,,,,,,,,
1831,1156,1165,志成鋼鐵,,,,,,,,,,,,,
1832,1157,1111,譁裕實業,,,,,,,,,,,,,
1833,1157,1183,農友種苗,,,,,,,,,,,,,
1834,576,607,力垣企業,,,,,,,,,,,,,
1835,577,593,漢旭,,,,,,,,,,,,,
1836,1159,-,崧虹科技,,,,,,,,,,,,,
1837,1160,1182,三五橡膠廠,,,,,,,,,,,,,
1838,578,586,遠東都會,,,,,,,,,,,,,
1839,579,-,寶陞國際,,,,,,,,,,,,,
1840,1161,-,明基三豐醫療器材,,,,,,,,,,,,,
1841,1162,1235,寶緯工業,,,,,,,,,,,,,
1842,1163,1072,捷波資訊,,,,,,,,,,,,,
1843,1164,1024,精熙國際(開曼),,,,,,,,,,,,,
1844,580,399,蓋曼群島商日本大拓,,,,,,,,,,,,,
1845,581,-,將捷,,,,,,,,,,,,,
1846,1165,1164,琳得科精密塗工,,,,,,,,,,,,,
1847,582,637,台灣港建,,,,,,,,,,,,,
1848,1166,1097,百辰光電,,,,,,,,,,,,,
1849,583,600,衛生福利部旗山醫院,,,,,,,,,,,,,
1850,1167,1216,直得科技,,,,,,,,,,,,,
1851,1168,1099,展宇科技材料,,,,,,,,,,,,,
1852,584,366,豐隆大飯店,,,,,,,,,,,,,
1853,584,595,滿心企業,,,,,,,,,,,,,
1854,1169,1051,佰鴻工業,,,,,,,,,,,,,
1855,1169,1245,政伸企業,,,,,,,,,,,,,
1856,586,-,暐順營造,,,,,,,,,,,,,
1857,1171,1241,佳凌科技,,,,,,,,,,,,,
1858,587,607,暉鼎資源管理,,,,,,,,,,,,,
1859,1172,1213,員和工業,,,,,,,,,,,,,
1860,588,560,阿瘦實業,,,,,,,,,,,,,
1861,589,631,香港商遠東恆天然乳品台灣分公司,,,,,,,,,,,,,
1862,589,644,上洋產業,,,,,,,,,,,,,
1863,591,500,地樺營造事業,,,,,,,,,,,,,
1864,1173,1253,協欣金屬工業,,,,,,,,,,,,,
1865,592,592,京站實業,,,,,,,,,,,,,
1866,1174,-,明係事業,,,,,,,,,,,,,
1867,593,603,東三積體電子,,,,,,,,,,,,,
1868,594,590,慶聯有線電視,,,,,,,,,,,,,
1869,1175,-,和昌國際工業,,,,,,,,,,,,,
1870,1176,1160,易發精機,,,,,,,,,,,,,
1871,1177,1214,維新鋁業,,,,,,,,,,,,,
1872,1178,1196,智晶光電,,,,,,,,,,,,,
1873,1179,1141,醫揚科技,,,,,,,,,,,,,
1874,595,613,美商貝克曼庫爾特台灣分公司,,,,,,,,,,,,,
1875,1180,1266,晶宏半導體,,,,,,,,,,,,,
1876,596,532,全坤建設開發,,,,,,,,,,,,,
1877,596,624,全家國際餐飲,,,,,,,,,,,,,
1878,598,-,貝泰企業,,,,,,,,,,,,,
1879,1181,1278,詮欣,,,,,,,,,,,,,
1880,1182,1288,長佳機電工程,,,,,,,,,,,,,
1881,1183,-,軒郁國際,,,,,,,,,,,,,
1882,1184,1347,系統電子工業,,,,,,,,,,,,,
1883,1185,1045,台林電通,,,,,,,,,,,,,
1884,1186,1199,今皓實業,,,,,,,,,,,,,
1885,1187,1183,宏偉電機工業,,,,,,,,,,,,,
1886,599,463,高雄空廚,,,,,,,,,,,,,
1887,1188,-,廣錠科技,,,,,,,,,,,,,
1888,1189,1260,翔名科技,,,,,,,,,,,,,
1889,1190,1219,生展生物科技,,,,,,,,,,,,,
1890,1191,-,華凌光電,,,,,,,,,,,,,
1891,600,-,奇唯科技,,,,,,,,,,,,,
1892,1192,1204,華光電線電纜,,,,,,,,,,,,,
1893,601,-,仲信資融,,,,,,,,,,,,,
1894,1193,1269,光鋐科技,,,,,,,,,,,,,
1895,602,-,茂為歐買尬數位科技,,,,,,,,,,,,,
1896,1194,1139,大恭化學工業,,,,,,,,,,,,,
1897,1195,1163,明徽企業,,,,,,,,,,,,,
1898,1196,1066,泰西企業,,,,,,,,,,,,,
1899,1197,1239,信紘科技,,,,,,,,,,,,,
1900,1198,805,凱碩科技,,,,,,,,,,,,,
1901,1199,1215,全能營養技術,,,,,,,,,,,,,
1902,1199,-,詠業科技,,,,,,,,,,,,,
1903,603,625,實威國際,,,,,,,,,,,,,
1904,1201,-,泛亞聚酯工業,,,,,,,,,,,,,
1905,1202,1199,憶聲電子,,,,,,,,,,,,,
1906,604,-,豐宏科技,,,,,,,,,,,,,
1907,1203,1073,聖岱實業,,,,,,,,,,,,,
1908,1204,1331,台灣類比科技,,,,,,,,,,,,,
1909,605,-,巨鑫聯合企業,,,,,,,,,,,,,
1910,1205,1046,東友科技,,,,,,,,,,,,,
1911,606,-,台灣橫河,,,,,,,,,,,,,
1912,1206,992,宏益纖維工業,,,,,,,,,,,,,
1913,607,562,台歐企業,,,,,,,,,,,,,
1914,1207,-,泰金投資控股,,,,,,,,,,,,,
1915,1208,1234,凱崴電子,,,,,,,,,,,,,
1916,1208,1321,公準精密工業,,,,,,,,,,,,,
1917,1210,1089,泉順食品企業,,,,,,,,,,,,,
1918,1211,1178,特昇國際,,,,,,,,,,,,,
1919,608,-,正暉,,,,,,,,,,,,,
1920,1212,1156,經寶精密控股,,,,,,,,,,,,,
1921,1213,1085,強信機械科技,,,,,,,,,,,,,
1922,1214,-,宇環科技,,,,,,,,,,,,,
1923,1215,1126,經濟實業,,,,,,,,,,,,,
1924,1216,1210,白紗科技印刷,,,,,,,,,,,,,
1925,609,646,久裕企業,,,,,,,,,,,,,
1926,1217,-,森田印刷廠,,,,,,,,,,,,,
1927,1217,-,聯策科技,,,,,,,,,,,,,
1928,610,-,台灣千旺,,,,,,,,,,,,,
1929,611,620,衛生福利部苗栗醫院,,,,,,,,,,,,,
1930,1219,1298,日馳企業,,,,,,,,,,,,,
1931,612,615,寶隆國際,,,,,,,,,,,,,
1932,1220,881,冠西電子企業,,,,,,,,,,,,,
1933,1221,837,達佛羅,,,,,,,,,,,,,
1934,1222,1331,元隆電子,,,,,,,,,,,,,
1935,1223,1299,富山精機廠,,,,,,,,,,,,,
1936,1224,1268,台灣日電產三協,,,,,,,,,,,,,
1937,613,-,上曜建設開發,,,,,,,,,,,,,
1938,614,621,宏羚,,,,,,,,,,,,,
1939,615,578,欣高石油氣,,,,,,,,,,,,,
1940,1225,1248,鉅橡企業,,,,,,,,,,,,,
1941,1226,1120,大洋羽毛,,,,,,,,,,,,,
1942,616,626,東捷資訊服務,,,,,,,,,,,,,
1943,616,-,敦新科技,,,,,,,,,,,,,
1944,618,597,健略,,,,,,,,,,,,,
1945,1227,1199,良聯工業,,,,,,,,,,,,,
1946,1228,-,雍智科技,,,,,,,,,,,,,
1947,619,-,北祥科技服務,,,,,,,,,,,,,
1948,1229,1202,普萊德科技,,,,,,,,,,,,,
1949,1230,-,全一電子,,,,,,,,,,,,,
1950,620,-,台灣亞銳士,,,,,,,,,,,,,
1951,1231,1290,禾瑞亞科技,,,,,,,,,,,,,
1952,1231,1335,台灣波律,,,,,,,,,,,,,
1953,621,-,家城,,,,,,,,,,,,,
1954,622,-,良興,,,,,,,,,,,,,
1955,1233,-,陞泰科技,,,,,,,,,,,,,
1956,1234,1110,春日機械工業,,,,,,,,,,,,,
1957,1234,1327,雷科,,,,,,,,,,,,,
1958,1236,1324,品冠紙業,,,,,,,,,,,,,
1959,1237,-,錦明實業,,,,,,,,,,,,,
1960,1238,878,利勤實業,,,,,,,,,,,,,
1961,1239,1230,博大科技,,,,,,,,,,,,,
1962,1240,-,眾智光電科技,,,,,,,,,,,,,
1963,1240,-,勤凱科技,,,,,,,,,,,,,
1964,623,-,德鎂實業,,,,,,,,,,,,,
1965,624,-,漢來國際飯店,,,,,,,,,,,,,
1966,1242,1250,圓裕企業,,,,,,,,,,,,,
1967,1242,1275,台灣典範半導體,,,,,,,,,,,,,
1968,1242,-,智英科技,,,,,,,,,,,,,
1969,1245,1300,國邦化學,,,,,,,,,,,,,
1970,1246,997,台灣富綢纖維,,,,,,,,,,,,,
1971,1247,1303,天泰銲材工業,,,,,,,,,,,,,
1972,625,-,康和資訊系統,,,,,,,,,,,,,
1973,1248,1276,博磊科技,,,,,,,,,,,,,
1974,626,616,上威國際,,,,,,,,,,,,,
1975,626,641,聯美林業,,,,,,,,,,,,,
1976,1249,1264,邑昇實業,,,,,,,,,,,,,
1977,628,623,鋼堡科技,,,,,,,,,,,,,
1978,1250,1120,高僑自動化科技,,,,,,,,,,,,,
1979,1251,985,明徽能源,,,,,,,,,,,,,
1980,1251,1303,科際精密,,,,,,,,,,,,,
1981,1251,-,全宇昕科技,,,,,,,,,,,,,
1982,629,-,這一鍋餐飲,,,,,,,,,,,,,
1983,629,-,新加坡商妮芙露國際控股台灣分公司,,,,,,,,,,,,,
1984,1254,983,瑞利企業,,,,,,,,,,,,,
1985,631,-,寶生,,,,,,,,,,,,,
1986,1255,1137,友良高科技紡織,,,,,,,,,,,,,
1987,1256,1243,志聯工業,,,,,,,,,,,,,
1988,1257,1140,台精化學工業,,,,,,,,,,,,,
1989,1258,1041,百達精密工業,,,,,,,,,,,,,
1990,1259,1346,萬達光電科技,,,,,,,,,,,,,
1991,1260,1153,宜新實業,,,,,,,,,,,,,
1992,1260,1210,旭源包裝科技,,,,,,,,,,,,,
1993,1262,1037,彩富電子,,,,,,,,,,,,,
1994,632,-,皇普建設,,,,,,,,,,,,,
1995,633,629,鳳信有線電視,,,,,,,,,,,,,
1996,1263,1270,華星光通科技,,,,,,,,,,,,,
1997,1264,-,海德威電子工業,,,,,,,,,,,,,
1998,634,570,華研國際音樂,,,,,,,,,,,,,
1999,1265,1194,富堡工業,,,,,,,,,,,,,
2000,635,477,福華大飯店,,,,,,,,,,,,,
2001,1266,-,紘康科技,,,,,,,,,,,,,
2002,636,602,南仁湖育樂,,,,,,,,,,,,,
2003,1267,1207,奇鈦科技,,,,,,,,,,,,,
2004,1267,1345,九齊科技,,,,,,,,,,,,,
2005,1269,1180,奇偶科技,,,,,,,,,,,,,
2006,637,636,大魯閣實業,,,,,,,,,,,,,
2007,1270,1070,吉嘉電子,,,,,,,,,,,,,
2008,638,508,曜良實業,,,,,,,,,,,,,
2009,638,-,建高工程,,,,,,,,,,,,,
2010,1271,1274,安國國際科技,,,,,,,,,,,,,
2011,1271,1307,台灣關西塗料,,,,,,,,,,,,,
2012,640,648,明輝環球企業,,,,,,,,,,,,,
2013,1273,1050,晶彩科技,,,,,,,,,,,,,
2014,641,536,向上國際科技,,,,,,,,,,,,,
2015,642,585,巴比祿,,,,,,,,,,,,,
2016,1274,1220,耐特科技材料,,,,,,,,,,,,,
2017,1274,1281,建成鋼鐵工業,,,,,,,,,,,,,
2018,643,-,系微,,,,,,,,,,,,,
2019,1276,1181,普安科技,,,,,,,,,,,,,
2020,644,630,大塚資訊科技,,,,,,,,,,,,,
2021,1277,-,璟茂科技,,,,,,,,,,,,,
2022,1278,-,英屬開曼太和生技集團,,,,,,,,,,,,,
2023,645,-,邦泰貿易,,,,,,,,,,,,,
2024,646,571,英城營造,,,,,,,,,,,,,
2025,1279,-,耀登科技,,,,,,,,,,,,,
2026,1280,1193,正曜企業,,,,,,,,,,,,,
2027,1281,1185,福裕事業,,,,,,,,,,,,,
2028,1281,1232,立達國際電子,,,,,,,,,,,,,
2029,1283,1318,久裕興業科技,,,,,,,,,,,,,
2030,1284,1243,優你康光學,,,,,,,,,,,,,
2031,1284,1337,華懋科技,,,,,,,,,,,,,
2032,1286,-,汎銓科技,,,,,,,,,,,,,
2033,647,-,財團法人紡織產業綜合研究所,,,,,,,,,,,,,
2034,648,638,新永安有線電視,,,,,,,,,,,,,
2035,1287,-,華盈電子,,,,,,,,,,,,,
2036,649,-,鈺通營造工程,,,,,,,,,,,,,
2037,1288,1316,普誠科技,,,,,,,,,,,,,
2038,650,-,亞洲教育平台,,,,,,,,,,,,,
2039,1289,1221,慶騰精密科技,,,,,,,,,,,,,
2040,1290,-,今展科技,,,,,,,,,,,,,
2041,1291,1259,嘉山鋼鐵工業,,,,,,,,,,,,,
2042,1292,1172,金耘鋼鐵,,,,,,,,,,,,,
2043,1293,700,萬國通路,,,,,,,,,,,,,
2044,1294,1348,洽發企業,,,,,,,,,,,,,
2045,1294,-,有德機器,,,,,,,,,,,,,
2046,1296,1282,台惟工業,,,,,,,,,,,,,
2047,1297,-,首利實業,,,,,,,,,,,,,
2048,1298,-,東雅電子,,,,,,,,,,,,,
2049,1299,1116,東訊,,,,,,,,,,,,,
2050,1300,-,台康生技,,,,,,,,,,,,,
2051,1301,-,虹冠電子工業,,,,,,,,,,,,,
2052,1302,1305,誠泰工業科技,,,,,,,,,,,,,
2053,1303,1263,無敵科技,,,,,,,,,,,,,
2054,1303,-,全立發機械廠,,,,,,,,,,,,,
2055,1303,-,頭份工業,,,,,,,,,,,,,
2056,1306,1320,美吾華,,,,,,,,,,,,,
2057,1307,1256,福保化學,,,,,,,,,,,,,
2058,1307,1257,弘博鋼鐵,,,,,,,,,,,,,
2059,1309,944,智崴資訊科技,,,,,,,,,,,,,
2060,1309,1300,宏觀微電子,,,,,,,,,,,,,
2061,1311,1189,霖宏科技,,,,,,,,,,,,,
2062,1311,1310,世鎧精密,,,,,,,,,,,,,
2063,1313,-,邦泰複合材料,,,,,,,,,,,,,
2064,1314,1170,鼎天國際,,,,,,,,,,,,,
2065,1314,1230,達運光電,,,,,,,,,,,,,
2066,1314,-,宜鋼,,,,,,,,,,,,,
2067,1317,1311,台明將企業,,,,,,,,,,,,,
2068,1318,1297,地球綜合工業,,,,,,,,,,,,,
2069,1318,1342,英德工業,,,,,,,,,,,,,
2070,1318,-,智擎生技製藥,,,,,,,,,,,,,
2071,1321,1246,松普科技,,,,,,,,,,,,,
2072,1322,1227,柏緯鐵工,,,,,,,,,,,,,
2073,1323,1240,江申工業,,,,,,,,,,,,,
2074,1324,1326,幸康電子,,,,,,,,,,,,,
2075,1324,1350,大井泵浦工業,,,,,,,,,,,,,
2076,1326,-,匯鑽科技,,,,,,,,,,,,,
2077,1327,1257,科風,,,,,,,,,,,,,
2078,1328,-,三義鋼鐵,,,,,,,,,,,,,
2079,1329,1156,波力環球企業,,,,,,,,,,,,,
2080,1329,1170,嘉裕,,,,,,,,,,,,,
2081,1331,1253,大甲永和機械工業,,,,,,,,,,,,,
2082,1332,-,立宇高新科技,,,,,,,,,,,,,
2083,1333,1224,欣技資訊,,,,,,,,,,,,,
2084,1334,1197,矽瑪科技,,,,,,,,,,,,,
2085,1335,1306,皇將科技,,,,,,,,,,,,,
2086,1336,1187,台懋實業,,,,,,,,,,,,,
2087,1336,1295,瑞利軍工,,,,,,,,,,,,,
2088,1336,-,金利精密工業,,,,,,,,,,,,,
2089,1339,1280,富相科技,,,,,,,,,,,,,
2090,1339,-,敏成,,,,,,,,,,,,,
2091,1341,1339,鶴壽瓦楞紙器,,,,,,,,,,,,,
2092,1341,-,普達系統,,,,,,,,,,,,,
2093,1343,1206,鍾慶科技開發,,,,,,,,,,,,,
2094,1344,-,聯合光纖通信,,,,,,,,,,,,,
2095,1345,-,迅德興業,,,,,,,,,,,,,
2096,1346,919,致振企業,,,,,,,,,,,,,
2097,1347,-,久尹,,,,,,,,,,,,,
2098,1348,1329,新美光,,,,,,,,,,,,,
2099,1349,-,凌嘉科技,,,,,,,,,,,,,
2100,1349,-,桓鼎,,,,,,,,,,,,,
, ,,,,,,,,,,,,,,,
, ,,,,,,,,,,,,,,,
, ,,,,,,,,,,,,,,,
, ,,,,,,,,,,,,,,,
, ,,,,,,,,,,,,,,,
, ,,,,,,,,,,,,,,,
, ,,,,,,,,,,,,,,,
, ,,,,,,,,,,,,,,,
, ,,,,,,,,,,,,,,,
, ,,,,,,,,,,,,,,,
, ,,,,,,,,,,,,,,,
, ,,,,,,,,,,,,,,,
, ,,,,,,,,,,,,,,,
, ,,,,,,,,,,,,,,,
, ,,,,,,,,,,,,,,,
, ,,,,,,,,,,,,,,,
, ,,,,,,,,,,,,,,,
, ,,,,,,,,,,,,,,,
, ,,,,,,,,,,,,,,,
, ,,,,,,,,,,,,,,,
, ,,,,,,,,,,,,,,,
, ,,,,,,,,,,,,,,,
, ,,,,,,,,,,,,,,,
, ,,,,,,,,,,,,,,,
, ,,,,,,,,,,,,,,,
, ,,,,,,,,,,,,,,,
, ,,,,,,,,,,,,,,,
, ,,,,,,,,,,,,,,,
, ,,,,,,,,,,,,,,,
, ,,,,,,,,,,,,,,,
, ,,,,,,,,,,,,,,,
, ,,,,,,,,,,,,,,,
, ,,,,,,,,,,,,,,,
, ,,,,,,,,,,,,,,,
, ,,,,,,,,,,,,,,,
, ,,,,,,,,,,,,,,,
, ,,,,,,,,,,,,,,,
, ,,,,,,,,,,,,,,,
, ,,,,,,,,,,,,,,,
, ,,,,,,,,,,,,,,,
, ,,,,,,,,,,,,,,,
, ,,,,,,,,,,,,,,,
, ,,,,,,,,,,,,,,,
, ,,,,,,,,,,,,,,,
, ,,,,,,,,,,,,,,,
, ,,,,,,,,,,,,,,,
, ,,,,,,,,,,,,,,,
, ,,,,,,,,,,,,,,,
, ,,,,,,,,,,,,,,,
, ,,,,,,,,,,,,,,,
, ,,,,,,,,,,,,,,,
, ,,,,,,,,,,,,,,,
, ,,,,,,,,,,,,,,,
, ,,,,,,,,,,,,,,,
, ,,,,,,,,,,,,,,,
, ,,,,,,,,,,,,,,,
, ,,,,,,,,,,,,,,,
, ,,,,,,,,,,,,,,,
, ,,,,,,,,,,,,,,,
, ,,,,,,,,,,,,,,,
, ,,,,,,,,,,,,,,,
, ,,,,,,,,,,,,,,,
, ,,,,,,,,,,,,,,,
, ,,,,,,,,,,,,,,,
, ,,,,,,,,,,,,,,,
, ,,,,,,,,,,,,,,,
, ,,,,,,,,,,,,,,,
, ,,,,,,,,,,,,,,,
, ,,,,,,,,,,,,,,,
, ,,,,,,,,,,,,,,,
, ,,,,,,,,,,,,,,,
, ,,,,,,,,,,,,,,,
, ,,,,,,,,,,,,,,,
, ,,,,,,,,,,,,,,,
, ,,,,,,,,,,,,,,,
, ,,,,,,,,,,,,,,,
, ,,,,,,,,,,,,,,,
, ,,,,,,,,,,,,,,,
, ,,,,,,,,,,,,,,,
, ,,,,,,,,,,,,,,,
, ,,,,,,,,,,,,,,,
, ,,,,,,,,,,,,,,,
, ,,,,,,,,,,,,,,,
, ,,,,,,,,,,,,,,,
, ,,,,,,,,,,,,,,,
, ,,,,,,,,,,,,,,,
, ,,,,,,,,,,,,,,,
, ,,,,,,,,,,,,,,,
, ,,,,,,,,,,,,,,,
, ,,,,,,,,,,,,,,,
, ,,,,,,,,,,,,,,,
, ,,,,,,,,,,,,,,,
, ,,,,,,,,,,,,,,,
, ,,,,,,,,,,,,,,,
, ,,,,,,,,,,,,,,,
, ,,,,,,,,,,,,,,,
, ,,,,,,,,,,,,,,,
, ,,,,,,,,,,,,,,,
, ,,,,,,,,,,,,,,,
, ,,,,,,,,,,,,,,,
, ,,,,,,,,,,,,,,,
, ,,,,,,,,,,,,,,,
, ,,,,,,,,,,,,,,,
, ,,,,,,,,,,,,,,,
, ,,,,,,,,,,,,,,,
, ,,,,,,,,,,,,,,,
, ,,,,,,,,,,,,,,,
, ,,,,,,,,,,,,,,,
, ,,,,,,,,,,,,,,,
, ,,,,,,,,,,,,,,,
, ,,,,,,,,,,,,,,,
, ,,,,,,,,,,,,,,,
, ,,,,,,,,,,,,,,,
, ,,,,,,,,,,,,,,,
, ,,,,,,,,,,,,,,,
, ,,,,,,,,,,,,,,,
, ,,,,,,,,,,,,,,,
, ,,,,,,,,,,,,,,,
, ,,,,,,,,,,,,,,,
, ,,,,,,,,,,,,,,,
, ,,,,,,,,,,,,,,,
, ,,,,,,,,,,,,,,,
, ,,,,,,,,,,,,,,,
, ,,,,,,,,,,,,,,,
, ,,,,,,,,,,,,,,,
, ,,,,,,,,,,,,,,,
, ,,,,,,,,,,,,,,,
, ,,,,,,,,,,,,,,,
, ,,,,,,,,,,,,,,,
, ,,,,,,,,,,,,,,,
, ,,,,,,,,,,,,,,,
, ,,,,,,,,,,,,,,,
, ,,,,,,,,,,,,,,,
, ,,,,,,,,,,,,,,,
, ,,,,,,,,,,,,,,,
, ,,,,,,,,,,,,,,,
, ,,,,,,,,,,,,,,,
, ,,,,,,,,,,,,,,,
, ,,,,,,,,,,,,,,,
, ,,,,,,,,,,,,,,,
, ,,,,,,,,,,,,,,,
, ,,,,,,,,,,,,,,,
, ,,,,,,,,,,,,,,,
, ,,,,,,,,,,,,,,,
, ,,,,,,,,,,,,,,,
, ,,,,,,,,,,,,,,,
, ,,,,,,,,,,,,,,,
, ,,,,,,,,,,,,,,,
, ,,,,,,,,,,,,,,,
, ,,,,,,,,,,,,,,,
, ,,,,,,,,,,,,,,,
, ,,,,,,,,,,,,,,,
, ,,,,,,,,,,,,,,,
, ,,,,,,,,,,,,,,,
, ,,,,,,,,,,,,,,,
, ,,,,,,,,,,,,,,,
, ,,,,,,,,,,,,,,,
, ,,,,,,,,,,,,,,,
, ,,,,,,,,,,,,,,,
, ,,,,,,,,,,,,,,,
, ,,,,,,,,,,,,,,,
, ,,,,,,,,,,,,,,,
, ,,,,,,,,,,,,,,,
, ,,,,,,,,,,,,,,,
, ,,,,,,,,,,,,,,,
, ,,,,,,,,,,,,,,,
, ,,,,,,,,,,,,,,,
, ,,,,,,,,,,,,,,,
, ,,,,,,,,,,,,,,,
, ,,,,,,,,,,,,,,,
, ,,,,,,,,,,,,,,,
, ,,,,,,,,,,,,,,,
, ,,,,,,,,,,,,,,,
, ,,,,,,,,,,,,,,,
, ,,,,,,,,,,,,,,,
, ,,,,,,,,,,,,,,,
, ,,,,,,,,,,,,,,,
, ,,,,,,,,,,,,,,,
, ,,,,,,,,,,,,,,,
, ,,,,,,,,,,,,,,,
, ,,,,,,,,,,,,,,,
, ,,,,,,,,,,,,,,,
, ,,,,,,,,,,,,,,,
, ,,,,,,,,,,,,,,,
, ,,,,,,,,,,,,,,,
, ,,,,,,,,,,,,,,,
, ,,,,,,,,,,,,,,,
, ,,,,,,,,,,,,,,,
, ,,,,,,,,,,,,,,,
, ,,,,,,,,,,,,,,,
, ,,,,,,,,,,,,,,,
, ,,,,,,,,,,,,,,,
, ,,,,,,,,,,,,,,,
, ,,,,,,,,,,,,,,,
, ,,,,,,,,,,,,,,,
, ,,,,,,,,,,,,,,,
, ,,,,,,,,,,,,,,,
, ,,,,,,,,,,,,,,,
, ,,,,,,,,,,,,,,,
, ,,,,,,,,,,,,,,,
, ,,,,,,,,,,,,,,,
, ,,,,,,,,,,,,,,,
, ,,,,,,,,,,,,,,,
, ,,,,,,,,,,,,,,,
, ,,,,,,,,,,,,,,,
, ,,,,,,,,,,,,,,,
, ,,,,,,,,,,,,,,,
, ,,,,,,,,,,,,,,,
, ,,,,,,,,,,,,,,,
, ,,,,,,,,,,,,,,,
, ,,,,,,,,,,,,,,,
, ,,,,,,,,,,,,,,,
, ,,,,,,,,,,,,,,,
, ,,,,,,,,,,,,,,,
, ,,,,,,,,,,,,,,,
, ,,,,,,,,,,,,,,,
, ,,,,,,,,,,,,,,,
, ,,,,,,,,,,,,,,,
, ,,,,,,,,,,,,,,,
, ,,,,,,,,,,,,,,,
, ,,,,,,,,,,,,,,,
, ,,,,,,,,,,,,,,,
, ,,,,,,,,,,,,,,,
, ,,,,,,,,,,,,,,,
, ,,,,,,,,,,,,,,,
, ,,,,,,,,,,,,,,,
, ,,,,,,,,,,,,,,,
, ,,,,,,,,,,,,,,,
, ,,,,,,,,,,,,,,,
, ,,,,,,,,,,,,,,,
, ,,,,,,,,,,,,,,,
, ,,,,,,,,,,,,,,,
, ,,,,,,,,,,,,,,,
, ,,,,,,,,,,,,,,,
, ,,,,,,,,,,,,,,,
, ,,,,,,,,,,,,,,,
, ,,,,,,,,,,,,,,,
, ,,,,,,,,,,,,,,,
, ,,,,,,,,,,,,,,,
, ,,,,,,,,,,,,,,,
, ,,,,,,,,,,,,,,,
, ,,,,,,,,,,,,,,,
, ,,,,,,,,,,,,,,,
, ,,,,,,,,,,,,,,,
, ,,,,,,,,,,,,,,,
, ,,,,,,,,,,,,,,,
, ,,,,,,,,,,,,,,,
, ,,,,,,,,,,,,,,,
, ,,,,,,,,,,,,,,,
, ,,,,,,,,,,,,,,,
, ,,,,,,,,,,,,,,,
, ,,,,,,,,,,,,,,,
, ,,,,,,,,,,,,,,,
, ,,,,,,,,,,,,,,,
, ,,,,,,,,,,,,,,,
, ,,,,,,,,,,,,,,,
, ,,,,,,,,,,,,,,,
, ,,,,,,,,,,,,,,,
, ,,,,,,,,,,,,,,,
, ,,,,,,,,,,,,,,,
, ,,,,,,,,,,,,,,,
, ,,,,,,,,,,,,,,,
, ,,,,,,,,,,,,,,,
, ,,,,,,,,,,,,,,,
, ,,,,,,,,,,,,,,,
, ,,,,,,,,,,,,,,,
, ,,,,,,,,,,,,,,,
, ,,,,,,,,,,,,,,,
, ,,,,,,,,,,,,,,,
, ,,,,,,,,,,,,,,,
, ,,,,,,,,,,,,,,,
, ,,,,,,,,,,,,,,,
, ,,,,,,,,,,,,,,,
, ,,,,,,,,,,,,,,,
, ,,,,,,,,,,,,,,,
, ,,,,,,,,,,,,,,,
, ,,,,,,,,,,,,,,,
, ,,,,,,,,,,,,,,,
, ,,,,,,,,,,,,,,,
, ,,,,,,,,,,,,,,,
, ,,,,,,,,,,,,,,,
, ,,,,,,,,,,,,,,,
, ,,,,,,,,,,,,,,,
, ,,,,,,,,,,,,,,,
, ,,,,,,,,,,,,,,,
, ,,,,,,,,,,,,,,,
, ,,,,,,,,,,,,,,,
, ,,,,,,,,,,,,,,,
, ,,,,,,,,,,,,,,,
, ,,,,,,,,,,,,,,,
, ,,,,,,,,,,,,,,,
, ,,,,,,,,,,,,,,,
, ,,,,,,,,,,,,,,,
, ,,,,,,,,,,,,,,,
, ,,,,,,,,,,,,,,,
, ,,,,,,,,,,,,,,,
, ,,,,,,,,,,,,,,,
, ,,,,,,,,,,,,,,,
, ,,,,,,,,,,,,,,,
, ,,,,,,,,,,,,,,,
, ,,,,,,,,,,,,,,,
, ,,,,,,,,,,,,,,,
, ,,,,,,,,,,,,,,,
, ,,,,,,,,,,,,,,,
, ,,,,,,,,,,,,,,,
, ,,,,,,,,,,,,,,,
, ,,,,,,,,,,,,,,,
, ,,,,,,,,,,,,,,,
, ,,,,,,,,,,,,,,,
, ,,,,,,,,,,,,,,,
, ,,,,,,,,,,,,,,,
, ,,,,,,,,,,,,,,,
, ,,,,,,,,,,,,,,,
, ,,,,,,,,,,,,,,,
, ,,,,,,,,,,,,,,,
, ,,,,,,,,,,,,,,,
, ,,,,,,,,,,,,,,,
, ,,,,,,,,,,,,,,,
, ,,,,,,,,,,,,,,,
, ,,,,,,,,,,,,,,,
, ,,,,,,,,,,,,,,,
, ,,,,,,,,,,,,,,,
, ,,,,,,,,,,,,,,,
, ,,,,,,,,,,,,,,,
, ,,,,,,,,,,,,,,,
, ,,,,,,,,,,,,,,,
, ,,,,,,,,,,,,,,,
, ,,,,,,,,,,,,,,,
, ,,,,,,,,,,,,,,,
, ,,,,,,,,,,,,,,,
, ,,,,,,,,,,,,,,,
, ,,,,,,,,,,,,,,,
, ,,,,,,,,,,,,,,,
, ,,,,,,,,,,,,,,,
, ,,,,,,,,,,,,,,,
, ,,,,,,,,,,,,,,,
, ,,,,,,,,,,,,,,,
, ,,,,,,,,,,,,,,,
, ,,,,,,,,,,,,,,,
, ,,,,,,,,,,,,,,,
, ,,,,,,,,,,,,,,,
, ,,,,,,,,,,,,,,,
, ,,,,,,,,,,,,,,,
, ,,,,,,,,,,,,,,,
, ,,,,,,,,,,,,,,,
, ,,,,,,,,,,,,,,,
, ,,,,,,,,,,,,,,,
, ,,,,,,,,,,,,,,,
, ,,,,,,,,,,,,,,,
, ,,,,,,,,,,,,,,,
, ,,,,,,,,,,,,,,,
, ,,,,,,,,,,,,,,,
, ,,,,,,,,,,,,,,,
, ,,,,,,,,,,,,,,,
, ,,,,,,,,,,,,,,,
, ,,,,,,,,,,,,,,,
, ,,,,,,,,,,,,,,,
, ,,,,,,,,,,,,,,,
, ,,,,,,,,,,,,,,,
, ,,,,,,,,,,,,,,,
, ,,,,,,,,,,,,,,,
, ,,,,,,,,,,,,,,,
, ,,,,,,,,,,,,,,,
, ,,,,,,,,,,,,,,,
, ,,,,,,,,,,,,,,,
, ,,,,,,,,,,,,,,,
, ,,,,,,,,,,,,,,,
, ,,,,,,,,,,,,,,,
, ,,,,,,,,,,,,,,,
, ,,,,,,,,,,,,,,,
, ,,,,,,,,,,,,,,,
, ,,,,,,,,,,,,,,,
, ,,,,,,,,,,,,,,,
, ,,,,,,,,,,,,,,,
, ,,,,,,,,,,,,,,,
, ,,,,,,,,,,,,,,,
, ,,,,,,,,,,,,,,,
, ,,,,,,,,,,,,,,,
, ,,,,,,,,,,,,,,,
, ,,,,,,,,,,,,,,,
, ,,,,,,,,,,,,,,,
, ,,,,,,,,,,,,,,,
, ,,,,,,,,,,,,,,,
, ,,,,,,,,,,,,,,,
, ,,,,,,,,,,,,,,,
, ,,,,,,,,,,,,,,,
, ,,,,,,,,,,,,,,,
, ,,,,,,,,,,,,,,,
, ,,,,,,,,,,,,,,,
, ,,,,,,,,,,,,,,,
, ,,,,,,,,,,,,,,,
, ,,,,,,,,,,,,,,,
, ,,,,,,,,,,,,,,,
, ,,,,,,,,,,,,,,,
, ,,,,,,,,,,,,,,,
, ,,,,,,,,,,,,,,,
, ,,,,,,,,,,,,,,,
, ,,,,,,,,,,,,,,,
, ,,,,,,,,,,,,,,,
, ,,,,,,,,,,,,,,,
, ,,,,,,,,,,,,,,,
, ,,,,,,,,,,,,,,,
, ,,,,,,,,,,,,,,,
, ,,,,,,,,,,,,,,,
, ,,,,,,,,,,,,,,,
, ,,,,,,,,,,,,,,,
, ,,,,,,,,,,,,,,,
, ,,,,,,,,,,,,,,,
, ,,,,,,,,,,,,,,,
, ,,,,,,,,,,,,,,,
, ,,,,,,,,,,,,,,,
, ,,,,,,,,,,,,,,,
, ,,,,,,,,,,,,,,,
, ,,,,,,,,,,,,,,,
, ,,,,,,,,,,,,,,,
, ,,,,,,,,,,,,,,,
, ,,,,,,,,,,,,,,,
, ,,,,,,,,,,,,,,,
, ,,,,,,,,,,,,,,,
, ,,,,,,,,,,,,,,,
, ,,,,,,,,,,,,,,,
, ,,,,,,,,,,,,,,,
, ,,,,,,,,,,,,,,,
, ,,,,,,,,,,,,,,,
, ,,,,,,,,,,,,,,,
, ,,,,,,,,,,,,,,,
, ,,,,,,,,,,,,,,,
, ,,,,,,,,,,,,,,,
, ,,,,,,,,,,,,,,,
, ,,,,,,,,,,,,,,,
, ,,,,,,,,,,,,,,,
, ,,,,,,,,,,,,,,,
, ,,,,,,,,,,,,,,,
, ,,,,,,,,,,,,,,,
, ,,,,,,,,,,,,,,,
, ,,,,,,,,,,,,,,,
, ,,,,,,,,,,,,,,,
, ,,,,,,,,,,,,,,,
, ,,,,,,,,,,,,,,,
, ,,,,,,,,,,,,,,,
, ,,,,,,,,,,,,,,,
, ,,,,,,,,,,,,,,,
, ,,,,,,,,,,,,,,,
, ,,,,,,,,,,,,,,,
, ,,,,,,,,,,,,,,,
, ,,,,,,,,,,,,,,,
, ,,,,,,,,,,,,,,,
, ,,,,,,,,,,,,,,,
, ,,,,,,,,,,,,,,,
, ,,,,,,,,,,,,,,,
, ,,,,,,,,,,,,,,,
, ,,,,,,,,,,,,,,,
, ,,,,,,,,,,,,,,,
, ,,,,,,,,,,,,,,,
, ,,,,,,,,,,,,,,,
, ,,,,,,,,,,,,,,,
, ,,,,,,,,,,,,,,,
, ,,,,,,,,,,,,,,,
, ,,,,,,,,,,,,,,,
, ,,,,,,,,,,,,,,,
, ,,,,,,,,,,,,,,,
, ,,,,,,,,,,,,,,,
, ,,,,,,,,,,,,,,,
, ,,,,,,,,,,,,,,,
, ,,,,,,,,,,,,,,,
, ,,,,,,,,,,,,,,,
, ,,,,,,,,,,,,,,,
, ,,,,,,,,,,,,,,,
, ,,,,,,,,,,,,,,,
, ,,,,,,,,,,,,,,,
, ,,,,,,,,,,,,,,,
, ,,,,,,,,,,,,,,,
, ,,,,,,,,,,,,,,,
, ,,,,,,,,,,,,,,,
, ,,,,,,,,,,,,,,,
, ,,,,,,,,,,,,,,,
, ,,,,,,,,,,,,,,,
, ,,,,,,,,,,,,,,,
, ,,,,,,,,,,,,,,,
, ,,,,,,,,,,,,,,,
, ,,,,,,,,,,,,,,,
, ,,,,,,,,,,,,,,,
, ,,,,,,,,,,,,,,,
, ,,,,,,,,,,,,,,,
, ,,,,,,,,,,,,,,,
, ,,,,,,,,,,,,,,,
, ,,,,,,,,,,,,,,,
, ,,,,,,,,,,,,,,,
, ,,,,,,,,,,,,,,,
, ,,,,,,,,,,,,,,,
, ,,,,,,,,,,,,,,,
, ,,,,,,,,,,,,,,,
, ,,,,,,,,,,,,,,,
, ,,,,,,,,,,,,,,,
, ,,,,,,,,,,,,,,,
, ,,,,,,,,,,,,,,,
, ,,,,,,,,,,,,,,,
, ,,,,,,,,,,,,,,,
, ,,,,,,,,,,,,,,,
, ,,,,,,,,,,,,,,,
, ,,,,,,,,,,,,,,,
, ,,,,,,,,,,,,,,,
, ,,,,,,,,,,,,,,,
, ,,,,,,,,,,,,,,,
, ,,,,,,,,,,,,,,,
, ,,,,,,,,,,,,,,,
, ,,,,,,,,,,,,,,,
, ,,,,,,,,,,,,,,,
, ,,,,,,,,,,,,,,,
, ,,,,,,,,,,,,,,,
, ,,,,,,,,,,,,,,,
, ,,,,,,,,,,,,,,,
, ,,,,,,,,,,,,,,,
, ,,,,,,,,,,,,,,,
, ,,,,,,,,,,,,,,,
, ,,,,,,,,,,,,,,,
, ,,,,,,,,,,,,,,,
, ,,,,,,,,,,,,,,,
, ,,,,,,,,,,,,,,,
, ,,,,,,,,,,,,,,,
, ,,,,,,,,,,,,,,,
, ,,,,,,,,,,,,,,,
, ,,,,,,,,,,,,,,,
, ,,,,,,,,,,,,,,,
, ,,,,,,,,,,,,,,,
, ,,,,,,,,,,,,,,,
, ,,,,,,,,,,,,,,,
, ,,,,,,,,,,,,,,,
, ,,,,,,,,,,,,,,,
, ,,,,,,,,,,,,,,,
, ,,,,,,,,,,,,,,,
, ,,,,,,,,,,,,,,,
, ,,,,,,,,,,,,,,,
, ,,,,,,,,,,,,,,,
, ,,,,,,,,,,,,,,,
, ,,,,,,,,,,,,,,,
, ,,,,,,,,,,,,,,,
, ,,,,,,,,,,,,,,,
, ,,,,,,,,,,,,,,,
, ,,,,,,,,,,,,,,,
, ,,,,,,,,,,,,,,,
, ,,,,,,,,,,,,,,,
, ,,,,,,,,,,,,,,,
, ,,,,,,,,,,,,,,,
, ,,,,,,,,,,,,,,,
, ,,,,,,,,,,,,,,,
, ,,,,,,,,,,,,,,,
, ,,,,,,,,,,,,,,,
, ,,,,,,,,,,,,,,,
, ,,,,,,,,,,,,,,,
, ,,,,,,,,,,,,,,,
, ,,,,,,,,,,,,,,,
, ,,,,,,,,,,,,,,,
, ,,,,,,,,,,,,,,,
, ,,,,,,,,,,,,,,,
, ,,,,,,,,,,,,,,,
, ,,,,,,,,,,,,,,,
, ,,,,,,,,,,,,,,,
, ,,,,,,,,,,,,,,,
, ,,,,,,,,,,,,,,,
, ,,,,,,,,,,,,,,,
, ,,,,,,,,,,,,,,,
, ,,,,,,,,,,,,,,,
, ,,,,,,,,,,,,,,,
, ,,,,,,,,,,,,,,,
, ,,,,,,,,,,,,,,,
, ,,,,,,,,,,,,,,,
, ,,,,,,,,,,,,,,,
, ,,,,,,,,,,,,,,,
, ,,,,,,,,,,,,,,,
, ,,,,,,,,,,,,,,,
, ,,,,,,,,,,,,,,,
, ,,,,,,,,,,,,,,,
, ,,,,,,,,,,,,,,,
, ,,,,,,,,,,,,,,,
, ,,,,,,,,,,,,,,,
, ,,,,,,,,,,,,,,,
, ,,,,,,,,,,,,,,,
, ,,,,,,,,,,,,,,,
, ,,,,,,,,,,,,,,,
, ,,,,,,,,,,,,,,,
, ,,,,,,,,,,,,,,,
, ,,,,,,,,,,,,,,,
, ,,,,,,,,,,,,,,,
, ,,,,,,,,,,,,,,,
, ,,,,,,,,,,,,,,,
, ,,,,,,,,,,,,,,,
, ,,,,,,,,,,,,,,,
, ,,,,,,,,,,,,,,,
, ,,,,,,,,,,,,,,,
, ,,,,,,,,,,,,,,,
, ,,,,,,,,,,,,,,,
, ,,,,,,,,,,,,,,,
, ,,,,,,,,,,,,,,,
, ,,,,,,,,,,,,,,,
, ,,,,,,,,,,,,,,,
, ,,,,,,,,,,,,,,,
, ,,,,,,,,,,,,,,,
, ,,,,,,,,,,,,,,,
, ,,,,,,,,,,,,,,,
